date,count_title,average_title,count_body,average_body,count_gme_title,average_gme_title,count_gme_body,average_gme_body,count_amc_title,average_amc_title,count_amc_body,average_amc_body,count_bb_title,average_bb_title,count_bb_body,average_bb_body,count_nok_title,average_nok_title,count_nok_body,average_nok_body,count_clov_title,average_clov_title,count_clov_body,average_clov_body
2021-01-28,1192,-0.007050838926174494,684,0.04907295321637427,275.0,-0.022951636363636365,254.0,0.03470826771653543,115.0,-0.031479999999999994,114.0,0.06301666666666667,43.0,-0.03386511627906977,63.0,0.024211111111111107,79.0,-0.05425822784810126,77.0,0.10172207792207792,1.0,0.0,,
2021-01-29,15653,-0.01441125023957069,9034,0.005163759132167367,3104.0,-0.01196095360824742,2506.0,0.03954700718276138,1506.0,-0.015634262948207172,1011.0,4.9554896142435466e-05,849.0,-0.00601719670200235,623.0,0.02025906902086678,773.0,0.0009899094437257428,568.0,0.03152588028169014,,,,
2021-01-30,1422,0.03690232067510548,648,0.249954475308642,354.0,0.05210310734463277,362.0,0.3221469613259668,75.0,0.059268000000000015,87.0,0.2407333333333333,36.0,0.082975,49.0,0.3353653061224489,29.0,-0.02098620689655172,37.0,0.2911594594594595,,,,
2021-01-31,937,0.039319210245464246,426,0.2412737089201878,270.0,0.07533370370370371,279.0,0.26728637992831544,50.0,0.142982,53.0,0.23011509433962263,22.0,0.1497409090909091,37.0,0.05644054054054058,13.0,0.38224615384615385,23.0,0.2669565217391305,,,,
2021-02-01,880,0.03755306818181818,319,0.37984921630094043,236.0,0.020081779661016947,215.0,0.37838325581395355,48.0,0.0492375,48.0,0.41275625,23.0,0.08695652173913043,34.0,0.5082882352941177,18.0,-0.0021444444444444397,24.0,0.3116125,,,,
2021-02-02,1488,0.028819220430107532,351,0.22008689458689457,323.0,0.08583746130030959,219.0,0.20553835616438357,80.0,0.017448749999999992,43.0,0.4318627906976746,32.0,0.03936875,23.0,0.5062043478260871,18.0,0.14983888888888888,14.0,0.3131071428571429,,,,
2021-02-03,2626,0.03151968773800457,675,0.23204074074074074,569.0,0.04177873462214412,349.0,0.2818220630372493,170.0,0.012134705882352943,92.0,0.24835978260869565,38.0,0.11527894736842106,27.0,0.46587777777777784,25.0,-0.125456,25.0,0.29959199999999997,1.0,0.0,2.0,0.9857
2021-02-04,1665,0.049774594594594594,858,0.189706993006993,341.0,0.06263782991202346,368.0,0.18628858695652176,113.0,0.12539734513274334,101.0,0.17642376237623758,26.0,0.02869230769230769,28.0,0.10051428571428575,22.0,0.02894545454545455,27.0,0.11716666666666667,3.0,0.13396666666666665,3.0,-0.30383333333333334
2021-02-05,2585,0.03002131528046422,1659,0.1275877034358047,599.0,0.032598998330550924,632.0,0.205476582278481,156.0,0.0634051282051282,184.0,0.13000869565217393,25.0,0.06986399999999998,36.0,0.1991083333333333,30.0,0.008570000000000005,33.0,0.3037212121212121,9.0,-0.07273333333333334,5.0,-0.21149999999999997
2021-02-06,2781,0.03143685724559511,1496,0.15106229946524063,676.0,0.05947840236686391,534.0,0.14133464419475655,192.0,0.028689062499999998,141.0,0.01552836879432624,45.0,0.06922,35.0,0.39606571428571424,31.0,0.07594516129032257,23.0,0.1447130434782609,12.0,-0.09915,4.0,0.404325
2021-02-07,510,0.0860356862745098,212,0.43679952830188684,143.0,0.1981811188811189,125.0,0.2838992,19.0,0.18184736842105265,26.0,0.6723153846153846,13.0,0.0757923076923077,13.0,0.18014615384615387,4.0,-0.16557499999999997,5.0,0.47203999999999996,2.0,0.50525,1.0,0.9904
2021-02-08,284,0.09952711267605634,127,0.3466543307086614,58.0,0.05586206896551723,62.0,0.1485709677419355,21.0,0.04824761904761904,24.0,0.31840416666666665,1.0,0.3182,8.0,0.35805000000000003,1.0,0.6386,6.0,0.43639999999999995,1.0,0.0,1.0,0.2732
2021-02-09,148,0.085225,110,0.4156490909090909,32.0,0.08848125000000001,44.0,0.35576363636363634,9.0,0.08112222222222225,13.0,0.29996153846153845,3.0,0.12040000000000001,3.0,0.9399333333333333,1.0,0.0,2.0,0.9300999999999999,,,,
2021-02-10,222,0.018625225225225226,164,0.4051091463414634,45.0,-0.09572222222222222,71.0,0.39278450704225354,7.0,0.021457142857142866,19.0,0.30698947368421053,6.0,-0.1588,7.0,0.4321142857142858,3.0,0.0,4.0,0.53345,,,1.0,0.9987
2021-02-11,168,0.07488035714285715,125,0.5820704000000001,18.0,0.1519,39.0,0.3290717948717948,3.0,0.09106666666666667,11.0,0.20275454545454544,2.0,0.0,9.0,0.4943444444444444,,,2.0,0.9438,,,,
2021-02-12,179,0.06186703910614524,143,0.4391818181818182,8.0,0.07958749999999999,34.0,0.4175499999999999,4.0,-0.5045499999999999,7.0,0.5938285714285714,3.0,0.09476666666666668,3.0,0.9802,,,,,,,,
2021-02-13,181,0.06109668508287293,137,0.38687080291970805,21.0,0.05584285714285716,43.0,0.34925581395348837,4.0,-0.06854999999999999,7.0,0.16455714285714285,5.0,0.07976,9.0,0.9305777777777777,2.0,-0.11315,3.0,0.9027666666666666,,,,
2021-02-14,127,0.08304488188976379,112,0.5567044642857143,18.0,0.06338888888888888,32.0,0.365759375,2.0,-0.25,3.0,0.4307666666666667,3.0,-0.03163333333333335,5.0,0.6041399999999999,2.0,0.36345,4.0,0.9893,,,,
2021-02-15,65,0.09894923076923078,53,0.7616377358490565,2.0,-0.011099999999999999,11.0,0.6035727272727273,1.0,0.5994,4.0,0.8765750000000001,,,2.0,0.9601,,,1.0,0.9643,,,,
2021-02-16,90,0.14274777777777778,68,0.5936529411764707,2.0,-0.050449999999999995,19.0,0.4821315789473686,2.0,0.2997,5.0,0.16864,1.0,0.0,2.0,-0.91235,,,2.0,-0.49025,,,1.0,0.9959
2021-02-17,171,0.08063859649122807,88,0.5312874999999999,13.0,-0.13376923076923078,18.0,0.3331888888888889,2.0,0.1806,6.0,0.5586833333333333,1.0,0.0,3.0,0.25343333333333334,1.0,0.4939,4.0,0.478525,,,,
2021-02-18,245,0.07052408163265307,82,0.596420731707317,32.0,0.014793750000000005,26.0,0.6605461538461539,5.0,-0.18647999999999998,3.0,0.33663333333333334,7.0,0.0705857142857143,4.0,0.972475,,,1.0,0.9788,,,,
2021-02-19,346,0.08084971098265896,108,0.409163888888889,47.0,0.013046808510638297,38.0,0.37245789473684204,6.0,-0.06431666666666667,5.0,0.5587799999999999,3.0,0.28316666666666673,2.0,0.9379,3.0,-0.055999999999999994,2.0,0.9636,,,,
2021-02-20,246,0.06776707317073169,77,0.5260571428571429,28.0,0.06369285714285713,23.0,0.35562173913043477,7.0,-0.22879999999999998,8.0,0.5268375,6.0,0.23336666666666664,4.0,0.28290000000000004,1.0,0.0,3.0,0.39986666666666676,,,,
2021-02-21,160,0.067558125,59,0.542057627118644,31.0,0.019074193548387103,24.0,0.5115208333333333,7.0,0.12329999999999999,7.0,0.4469,4.0,0.004224999999999993,1.0,0.7771,1.0,0.0,,,,,,
2021-02-22,139,0.05944532374100721,50,0.4799999999999999,16.0,0.06196874999999999,8.0,0.8324375,3.0,-0.3424666666666667,1.0,0.9747,3.0,0.12040000000000001,1.0,0.9482,,,1.0,0.9482,,,,
2021-02-23,267,0.07594194756554307,83,0.4955530120481928,39.0,0.03217948717948717,21.0,0.5037285714285714,20.0,0.174955,2.0,0.98985,7.0,0.1811428571428571,3.0,0.9753000000000002,3.0,0.22173333333333334,,,,,,
2021-02-24,240,0.06555875000000001,75,0.5422453333333334,31.0,0.056845161290322584,14.0,0.3543071428571428,9.0,0.023511111111111108,4.0,0.54235,5.0,0.22496,4.0,0.493,,,1.0,0.9997,,,,
2021-02-25,542,0.07746457564575646,117,0.3889521367521367,55.0,0.10270909090909089,30.0,0.4240433333333334,25.0,0.093824,9.0,0.6748777777777778,6.0,-0.08778333333333332,4.0,0.360925,3.0,0.27743333333333337,1.0,0.9972,,,,
2021-02-26,561,0.0986524064171123,141,0.4679234042553192,138.0,0.13983188405797103,76.0,0.4643486842105262,23.0,0.12819130434782608,18.0,0.2709944444444444,4.0,0.38307500000000005,9.0,0.3824444444444445,2.0,0.24655000000000002,4.0,-0.0020000000000000018,,,,
2021-02-27,296,0.06634256756756757,87,0.631780459770115,66.0,0.11097575757575759,45.0,0.6448177777777779,12.0,0.13375,8.0,0.911975,6.0,-0.05871666666666667,5.0,0.83816,2.0,0.1305,2.0,0.9871000000000001,,,1.0,0.4588
2021-02-28,147,0.07951904761904761,63,0.3082809523809524,30.0,0.09225333333333335,26.0,0.3927153846153847,5.0,0.16884,5.0,0.7430599999999999,,,,,,,,,,,,
2021-03-01,133,0.08992406015037595,72,0.5936083333333334,30.0,0.14685333333333334,29.0,0.6807827586206897,10.0,0.09801,8.0,0.9665874999999999,2.0,-0.3454,3.0,0.9812,1.0,0.5719,1.0,0.9554,,,,
2021-03-02,358,0.10223100558659218,114,0.5131078947368422,67.0,0.11488805970149256,34.0,0.5754029411764706,20.0,0.17262,8.0,0.6234500000000001,2.0,0.4153,2.0,-0.0711,6.0,0.15886666666666666,3.0,0.9410666666666666,,,,
2021-03-03,589,0.13069405772495757,165,0.46481454545454537,96.0,0.11149791666666668,55.0,0.551309090909091,14.0,0.16044285714285714,12.0,0.6239666666666667,5.0,0.20682,7.0,0.9036285714285716,5.0,0.24173999999999998,3.0,0.9887666666666667,1.0,-0.5719,1.0,0.2508
2021-03-04,474,0.07293037974683544,204,0.5830034313725491,72.0,0.04939444444444444,75.0,0.6459706666666667,11.0,0.10749090909090908,17.0,0.7588411764705882,,,4.0,0.493525,1.0,0.7506,3.0,0.9935999999999999,1.0,0.4404,,
2021-03-05,427,0.05852833723653396,162,0.48107901234567907,67.0,0.06922089552238807,49.0,0.5430612244897959,13.0,-0.02873846153846154,10.0,0.6841600000000001,6.0,0.17463333333333333,4.0,0.341725,4.0,0.33562499999999995,2.0,0.8861,,,,
2021-03-06,409,0.04347163814180929,134,0.5767641791044776,66.0,-0.025092424242424246,49.0,0.5927959183673469,16.0,0.14853125,15.0,0.3789333333333333,5.0,0.34284,7.0,0.4764857142857141,2.0,0.2202,4.0,0.581525,,,,
2021-03-07,149,0.07675973154362417,82,0.5882024390243902,28.0,0.07116071428571427,31.0,0.7360548387096774,7.0,0.00311428571428572,7.0,0.980157142857143,2.0,0.0,4.0,0.6645499999999999,,,1.0,0.9821,,,1.0,-0.9001
2021-03-08,125,0.0573032,61,0.610560655737705,22.0,0.16718636363636363,26.0,0.7023076923076922,4.0,0.023049999999999994,2.0,0.6482,2.0,0.2553,2.0,0.82805,,,,,,,,
2021-03-09,351,0.11600968660968661,90,0.516121111111111,77.0,0.15809350649350648,24.0,0.43892083333333326,8.0,-0.0068625000000000005,7.0,0.6201142857142857,9.0,0.28142222222222224,6.0,0.6031833333333333,,,,,,,,
2021-03-10,580,0.14468241379310345,129,0.49219069767441864,149.0,0.12188255033557047,52.0,0.5572884615384616,29.0,0.1334793103448276,4.0,0.391975,5.0,0.08674000000000001,1.0,0.7079,2.0,0.1806,,,,,,
2021-03-11,550,0.0973830909090909,168,0.3566845238095238,125.0,0.10755040000000002,71.0,0.336356338028169,34.0,0.08633235294117647,23.0,0.3934826086956521,4.0,0.18177500000000002,3.0,0.9152333333333335,6.0,0.13898333333333335,4.0,0.6854,,,,
2021-03-12,312,0.09492820512820513,104,0.5535711538461539,72.0,0.041808333333333336,34.0,0.6808676470588235,12.0,0.26890833333333336,8.0,0.8548375,,,1.0,0.9997,3.0,0.3679333333333333,2.0,0.9989,,,,
2021-03-13,254,0.11231929133858269,61,0.3104016393442624,45.0,0.10325111111111111,24.0,0.07594166666666669,6.0,0.28063333333333335,4.0,-0.025149999999999978,4.0,-0.018575000000000008,4.0,0.471075,3.0,0.0,1.0,-0.944,,,,
2021-03-14,155,0.16342193548387096,48,0.6010541666666667,34.0,0.15655588235294118,23.0,0.6288043478260871,3.0,-0.03383333333333333,5.0,0.9330999999999999,1.0,0.0,,,1.0,0.7906,1.0,0.9996,,,,
2021-03-15,93,0.07039247311827956,54,0.7225777777777778,15.0,0.13683999999999996,20.0,0.8069800000000003,2.0,0.064,6.0,0.9959166666666667,2.0,0.15835,3.0,0.9959666666666666,4.0,0.189425,3.0,0.8992,,,2.0,0.10920000000000002
2021-03-16,234,0.1125017094017094,77,0.489690909090909,50.0,0.10518400000000001,35.0,0.47898857142857126,28.0,0.17249642857142858,10.0,0.52504,2.0,0.11315,6.0,0.6086833333333334,9.0,-0.047111111111111104,4.0,0.5415749999999999,,,,
2021-03-17,233,0.11317982832618026,88,0.523959090909091,55.0,0.11496181818181819,43.0,0.5756,14.0,0.07273571428571428,10.0,0.58929,3.0,-0.04730000000000001,1.0,0.9264,3.0,0.13396666666666665,2.0,0.85365,,,,
2021-03-18,214,0.12632943925233645,74,0.5711635135135136,33.0,-0.0573909090909091,28.0,0.47634642857142856,8.0,0.2063375,6.0,0.6500333333333334,3.0,0.0,4.0,0.762825,4.0,0.020900000000000002,3.0,0.9927999999999999,,,1.0,0.9887
2021-03-19,218,0.06377844036697249,69,0.42175797101449275,40.0,-0.017425000000000003,25.0,0.546044,4.0,0.133525,3.0,0.9937333333333332,2.0,-0.03420000000000001,3.0,0.9649666666666666,2.0,0.0,,,,,1.0,-0.8979
2021-03-20,144,0.05680902777777779,40,0.59091,28.0,0.07098571428571429,21.0,0.5770333333333332,5.0,0.05464,5.0,0.86656,1.0,0.4215,,,2.0,0.5896,,,,,,
2021-03-21,49,0.05894285714285715,30,0.6078333333333332,7.0,0.16047142857142857,13.0,0.43406923076923076,2.0,0.20095,1.0,0.9988,,,,,,,,,,,,
2021-03-22,59,0.07124406779661019,28,0.7634,9.0,0.05345555555555555,8.0,0.4035375,1.0,0.4404,4.0,0.492625,,,1.0,0.9766,2.0,-0.2553,,,,,,
2021-03-23,113,0.12976637168141594,40,0.64381,16.0,0.12224375000000001,15.0,0.6384399999999999,3.0,0.09866666666666667,3.0,0.9003,,,,,,,,,,,,
2021-03-24,143,0.09046013986013987,47,0.6805382978723403,36.0,0.10761944444444445,17.0,0.6945294117647058,7.0,-0.07474285714285714,1.0,0.9989,1.0,0.0,3.0,0.9934666666666666,4.0,0.0962,2.0,0.9823,,,,
2021-03-25,269,0.07020520446096656,55,0.5354763636363636,38.0,0.07330263157894738,18.0,0.579688888888889,10.0,0.03676999999999998,4.0,0.11172500000000002,1.0,0.6486,2.0,0.99605,,,,,,,,
2021-03-26,185,0.06781027027027027,39,0.45799487179487186,40.0,0.08017,8.0,0.1503,7.0,0.1598,2.0,0.04580000000000001,3.0,0.09106666666666667,2.0,0.82195,,,,,,,,
2021-03-27,139,0.08932661870503597,43,0.42928372093023265,22.0,0.05174090909090909,17.0,0.631564705882353,3.0,0.23463333333333333,4.0,0.702525,3.0,0.24466666666666667,2.0,0.27254999999999996,,,,,,,,
2021-03-28,48,0.14510208333333333,20,0.547945,12.0,0.24241666666666664,5.0,0.31038000000000004,,,,,2.0,0.0,2.0,0.98035,,,,,,,,
2021-03-29,66,0.09168333333333334,33,0.7915242424242424,5.0,0.16576,7.0,0.7607999999999999,5.0,0.2998,1.0,0.9988,2.0,0.1366,4.0,0.9772000000000001,,,1.0,0.9673,,,,
2021-03-30,101,0.07055841584158415,34,0.5691882352941177,8.0,0.13403750000000003,5.0,0.3679,1.0,0.2732,1.0,0.9979,3.0,-0.021399999999999992,1.0,0.9168,,,,,,,,
2021-03-31,84,0.057342857142857154,28,0.5513642857142856,5.0,0.26138,5.0,0.5117,1.0,0.4215,2.0,0.9904,9.0,0.04229999999999999,1.0,0.984,1.0,-0.1027,1.0,0.607,,,,
2021-04-01,138,0.11016666666666669,51,0.6182862745098039,11.0,-0.03993636363636363,11.0,0.9826909090909091,,,2.0,0.9906999999999999,11.0,-0.08217272727272724,2.0,0.98125,,,,,,,,
2021-04-02,84,0.10881071428571429,28,0.5807214285714286,8.0,0.18578750000000002,5.0,0.44408000000000003,2.0,-0.11175,1.0,0.8316,3.0,0.23229999999999998,1.0,0.998,,,,,,,,
2021-04-03,37,0.12424864864864865,11,0.6316272727272727,3.0,0.46826666666666666,2.0,0.9557,1.0,-0.1531,1.0,0.9489,,,1.0,0.891,,,1.0,0.891,,,,
2021-04-04,6,0.19996666666666665,4,0.737325,2.0,0.27815,3.0,0.7002666666666667,1.0,0.2732,,,1.0,-0.3182,1.0,0.8485,,,,,,,,
2021-04-05,38,0.2545105263157895,21,0.7879380952380953,5.0,0.1721,6.0,0.6037166666666667,,,1.0,0.9828,,,,,,,,,,,,
2021-04-06,78,0.1403769230769231,25,0.67452,6.0,0.17415000000000003,5.0,0.61204,3.0,0.1155,1.0,-0.7662,2.0,0.50005,,,,,,,,,,
2021-04-07,66,0.13086060606060604,23,0.6475521739130435,7.0,0.1563857142857143,7.0,0.6780857142857143,,,1.0,0.9994,5.0,0.20271999999999996,1.0,0.9982,,,,,,,,
2021-04-08,71,0.1224732394366197,22,0.7068045454545455,6.0,0.21163333333333334,3.0,0.6623666666666667,1.0,0.2732,,,,,,,,,,,,,,
2021-04-09,107,0.10345420560747662,37,0.5867378378378378,19.0,0.10301052631578948,5.0,0.60594,1.0,0.5106,1.0,0.9783,3.0,0.13146666666666668,1.0,0.9783,,,,,,,,
2021-04-10,82,0.13884146341463413,20,0.410245,16.0,0.17414999999999997,3.0,0.7026333333333333,1.0,-0.34,,,,,,,1.0,0.4019,,,,,1.0,0.7184
2021-04-11,28,0.2403928571428571,16,0.7711250000000001,5.0,0.31029999999999996,6.0,0.8973333333333334,,,1.0,0.9991,,,,,,,,,,,,
2021-04-12,46,0.13693695652173912,20,0.598875,7.0,0.025485714285714296,4.0,0.7307250000000001,3.0,-0.07356666666666667,1.0,0.9924,2.0,0.29295,1.0,0.9956,,,,,,,,
2021-04-13,105,0.06007142857142857,29,0.6352931034482758,11.0,0.03740000000000001,4.0,0.9344750000000001,5.0,0.12716000000000002,3.0,0.9010666666666666,2.0,0.148,,,,,1.0,0.9984,,,,
2021-04-14,122,0.1709696721311476,39,0.5598282051282053,14.0,0.11317142857142858,8.0,0.56255,3.0,0.2131333333333334,1.0,0.9997,2.0,0.58345,,,3.0,0.24080000000000001,1.0,0.9982,,,,
2021-04-15,83,0.11554819277108434,24,0.6708708333333333,9.0,0.1707888888888889,3.0,0.3043666666666666,4.0,0.03434999999999999,1.0,0.9835,,,,,1.0,0.0,1.0,0.9671,,,,
2021-04-16,79,0.17133164556962022,27,0.6180851851851853,8.0,0.220575,4.0,0.5434,4.0,0.233225,2.0,0.97615,,,,,1.0,0.3182,,,,,,
2021-04-17,92,0.13063695652173915,28,0.5776464285714286,10.0,0.43579999999999997,5.0,0.98512,2.0,0.5081,,,3.0,0.2557,2.0,0.99535,,,,,7.0,0.23607142857142863,3.0,0.9498666666666667
2021-04-18,24,0.08157083333333333,12,0.8286666666666666,1.0,0.0,2.0,0.99585,2.0,0.0,1.0,0.9926,,,,,,,,,4.0,0.3497,3.0,0.9976666666666666
2021-04-19,23,-0.03295652173913043,17,0.6527647058823529,1.0,0.2023,3.0,0.9502,,,2.0,0.9275500000000001,1.0,0.0,,,,,,,2.0,-0.22260000000000002,2.0,0.9931000000000001
2021-04-20,67,0.03820597014925374,25,0.5522320000000001,2.0,0.05115,3.0,-0.307,1.0,0.0,,,3.0,0.020866666666666662,1.0,0.9887,,,,,11.0,0.24842727272727272,2.0,0.8386499999999999
2021-04-21,69,0.11153623188405798,21,0.43781428571428577,5.0,0.14338,1.0,0.9987,1.0,0.2732,1.0,0.7964,1.0,-0.296,1.0,0.9827,1.0,0.0,,,5.0,0.1844,2.0,0.8975500000000001
2021-04-22,58,0.15895689655172413,13,0.5526076923076924,2.0,0.0,,,,,1.0,0.9997,1.0,0.1531,1.0,0.9246,,,,,1.0,0.6494,,
2021-04-23,46,0.10672608695652173,19,0.9064631578947369,1.0,-0.5334,2.0,0.98995,2.0,0.3568,,,1.0,0.34,1.0,-0.2023,,,1.0,-0.2023,,,,
2021-04-24,58,0.14958620689655172,18,0.6316277777777778,2.0,0.0,5.0,0.8483,1.0,0.5106,,,,,,,,,,,1.0,0.5563,,
2021-04-25,19,0.04433157894736843,8,0.9378000000000001,,,1.0,0.998,,,1.0,0.9999,,,1.0,0.9999,,,,,,,,
2021-04-26,25,0.10214000000000001,13,0.6616538461538463,,,3.0,0.8873333333333333,,,,,1.0,0.4939,1.0,0.9995,,,,,1.0,0.0,,
2021-04-27,112,0.16369910714285713,34,0.7064058823529411,14.0,0.07221428571428572,9.0,0.4197777777777778,2.0,0.0,2.0,0.22790000000000005,,,,,1.0,0.2732,,,3.0,0.15293333333333334,1.0,0.9271
2021-04-28,84,0.13896071428571427,31,0.6580161290322584,3.0,-0.028599999999999997,3.0,0.9643,2.0,0.148,3.0,0.9105666666666666,1.0,0.0,1.0,0.9768,1.0,0.0,,,6.0,0.12301666666666666,4.0,0.968925
2021-04-29,93,0.15744408602150536,33,0.6517121212121212,4.0,0.0903,2.0,0.9946,2.0,0.2294,1.0,0.9897,2.0,0.06004999999999999,1.0,0.7184,9.0,0.28904444444444444,4.0,0.9517249999999999,10.0,0.03558,1.0,0.5859
2021-04-30,48,0.09811874999999999,17,0.8684647058823529,2.0,0.15935000000000002,1.0,0.9869,,,1.0,0.9869,1.0,-0.3818,,,3.0,0.32020000000000004,2.0,0.8276,5.0,0.03575999999999998,1.0,0.9869
2021-05-01,53,0.16972641509433967,12,0.46660000000000007,2.0,0.1366,1.0,0.8639,,,,,1.0,0.0,2.0,0.3508,,,,,3.0,0.09106666666666667,2.0,-0.17425
2021-05-05,42,0.1619142857142857,11,0.8619727272727272,,,,,1.0,0.91,1.0,0.7184,,,1.0,0.9907,1.0,0.0,1.0,0.9719,3.0,0.23786666666666667,,
2021-05-06,161,0.07143664596273291,58,0.5977258620689656,8.0,0.1263375,7.0,0.37434285714285714,2.0,0.0,2.0,0.8591500000000001,2.0,0.1366,2.0,0.6945,1.0,0.0,1.0,0.2382,4.0,0.3591,3.0,0.9598666666666666
2021-05-07,180,0.04026388888888889,71,0.5584211267605635,11.0,0.23918181818181816,17.0,0.4804176470588235,3.0,0.4373,7.0,0.5707142857142856,5.0,0.22805999999999998,4.0,0.23445000000000002,2.0,0.17,2.0,0.006149999999999989,2.0,0.33525,,
2021-05-08,125,0.1023136,49,0.5765714285714285,4.0,0.21782499999999996,7.0,0.7834714285714286,2.0,0.16399999999999998,2.0,0.8452999999999999,1.0,0.7269,1.0,0.9949,4.0,0.065925,1.0,0.968,2.0,0.148,4.0,0.723475
2021-05-09,41,0.07278780487804878,25,0.7575919999999999,1.0,0.0,1.0,0.8555,,,,,,,,,,,,,2.0,0.125,1.0,0.9998
2021-05-10,61,0.07995573770491801,29,0.5679310344827586,4.0,-0.032,6.0,0.8759333333333333,2.0,0.125,2.0,0.6376999999999999,,,1.0,0.296,3.0,-0.16463333333333333,3.0,0.9841333333333333,2.0,0.0703,2.0,0.99655
2021-05-11,119,0.10046806722689074,43,0.5657790697674419,3.0,0.4204666666666667,2.0,0.9854499999999999,1.0,0.4588,,,,,1.0,0.9447,1.0,0.0,1.0,0.9968,,,,
2021-05-12,92,0.09295869565217392,43,0.5201232558139535,5.0,-0.004559999999999997,3.0,0.9053666666666667,2.0,0.28595,4.0,0.75695,1.0,-0.2263,2.0,0.6391,,,,,2.0,0.29295,3.0,0.9597000000000001
2021-05-13,104,0.10573365384615387,48,0.32164791666666664,3.0,0.021666666666666685,2.0,0.99065,2.0,0.47185,1.0,-0.9431,,,,,1.0,0.5106,1.0,-0.9042,2.0,0.0,,
2021-05-14,114,0.09837017543859651,45,0.5723177777777777,6.0,0.2943166666666666,9.0,0.4719444444444444,4.0,0.43885,6.0,0.65465,2.0,0.0386,1.0,0.8689,,,,,3.0,0.0,3.0,0.7311
2021-05-15,81,0.11366790123456791,34,0.569,1.0,0.0,6.0,0.16116666666666665,4.0,-0.00645,2.0,0.5738,,,1.0,0.2617,1.0,0.25,1.0,0.2617,2.0,0.3548,2.0,0.59755
2021-05-16,21,0.13810952380952382,8,0.3151125,,,1.0,0.9638,,,1.0,0.9966,1.0,0.2263,,,,,,,1.0,0.0,,
2021-05-17,28,-0.0008821428571428539,12,0.6372416666666666,,,2.0,-0.003349999999999964,,,1.0,0.9887,,,,,1.0,0.2023,1.0,0.9857,,,,
2021-05-18,73,0.09703561643835618,29,0.7802758620689654,5.0,0.07444,3.0,0.9729666666666666,4.0,-0.03634999999999999,3.0,0.7942333333333332,1.0,0.0,1.0,0.1045,,,,,1.0,-0.4404,,
2021-05-19,49,0.14771020408163268,22,0.38352272727272735,3.0,0.15079999999999996,3.0,0.4031,5.0,0.23086,1.0,0.9781,1.0,0.0,,,,,,,,,,
2021-05-20,71,0.04795211267605634,34,0.5510617647058824,,,2.0,0.021799999999999986,3.0,0.08036666666666667,2.0,0.194,,,,,1.0,0.0,,,1.0,0.5859,1.0,-0.9503
2021-05-21,77,0.08464545454545452,33,0.6548333333333334,1.0,0.0,,,2.0,0.1806,,,2.0,0.125,1.0,0.9578,1.0,0.4215,1.0,0.9773,,,,
2021-05-22,77,0.11909350649350652,26,0.5156115384615385,6.0,0.41898333333333343,1.0,0.9669,3.0,0.05856666666666668,,,1.0,0.3182,,,1.0,-0.3291,,,,,,
2021-05-23,46,0.015745652173913053,24,0.4324583333333334,2.0,-0.1806,1.0,0.9805,1.0,0.5994,,,,,1.0,0.9907,,,,,,,,
2021-05-24,39,0.007764102564102566,23,0.6044739130434783,1.0,0.2732,5.0,0.32212,,,1.0,0.9862,,,,,,,,,,,,
2021-05-25,89,0.10360224719101124,32,0.5823093750000001,1.0,-0.743,1.0,-0.3222,1.0,-0.5267,1.0,-0.3222,3.0,0.0,1.0,0.9987,,,,,2.0,0.148,,
2021-05-26,91,0.07053076923076923,29,0.3796586206896552,12.0,-0.0901083333333333,3.0,-0.11363333333333332,9.0,0.36415555555555557,1.0,0.5925,4.0,0.0,1.0,0.9958,,,,,,,,
2021-05-27,130,0.15355384615384615,39,0.6656282051282051,14.0,0.2023214285714286,4.0,0.933425,11.0,0.043745454545454546,5.0,0.9465600000000001,5.0,0.36866,2.0,0.88625,1.0,0.34,,,,,,
2021-05-28,171,0.1410204678362573,39,0.6920307692307693,8.0,0.0422,3.0,0.3457666666666667,32.0,0.24156875,7.0,0.5770285714285716,9.0,0.21936666666666668,2.0,0.53825,1.0,0.7351,,,,,,
2021-05-29,54,0.1097462962962963,22,0.6301318181818183,1.0,0.0,,,12.0,0.3014583333333334,4.0,0.411175,2.0,-0.28595,,,,,,,1.0,-0.2023,,
2021-05-30,37,0.06712972972972973,22,0.7443636363636364,4.0,-0.14732499999999998,8.0,0.833425,5.0,0.22782,7.0,0.8381428571428572,4.0,0.1837,2.0,0.8324499999999999,,,,,,,,
2021-05-31,28,0.028510714285714285,19,0.6179157894736843,,,3.0,0.9971333333333333,,,3.0,0.9666666666666667,1.0,0.0,3.0,0.6646,1.0,0.0,,,,,,
2021-06-01,34,0.08844705882352942,16,0.63433125,,,2.0,0.21565,3.0,0.5089333333333333,2.0,0.5969,2.0,-0.0129,1.0,0.9866,,,,,,,,
2021-06-10,210,0.15381428571428574,82,0.5743548780487805,12.0,0.170525,23.0,0.5390695652173912,4.0,0.270675,17.0,0.8537529411764705,9.0,0.1951,11.0,0.5377090909090909,1.0,0.4019,,,20.0,0.10787,12.0,0.7844083333333334
2021-06-11,367,0.15210899182561308,124,0.6061508064516128,13.0,0.22479230769230768,18.0,0.5382666666666667,23.0,0.2026217391304348,18.0,0.6732777777777778,20.0,0.13373000000000004,9.0,0.7463444444444445,1.0,0.0,,,21.0,0.3022714285714286,8.0,0.464475
2021-06-12,230,0.1581321739130435,101,0.5959504950495049,7.0,0.10661428571428573,17.0,0.44798823529411763,9.0,0.08265555555555554,16.0,0.38696875,8.0,0.1877,8.0,0.053625000000000006,,,1.0,0.9907,8.0,0.015300000000000001,13.0,0.37774615384615384
2021-06-13,14,0.13047857142857142,9,0.7188666666666665,,,2.0,0.023749999999999993,,,2.0,0.023749999999999993,1.0,0.0,1.0,0.997,,,,,,,1.0,0.997
2021-06-15,92,0.1883076086956522,42,0.7620666666666667,1.0,0.4019,5.0,0.7742,4.0,0.155275,5.0,0.7742,4.0,0.500775,2.0,0.97465,1.0,0.0,,,2.0,0.4019,3.0,0.9807666666666667
2021-06-16,194,0.16219123711340205,79,0.7196620253164558,5.0,0.14401999999999998,10.0,0.9059699999999999,15.0,0.25960666666666665,6.0,0.9385833333333333,4.0,0.35717499999999996,3.0,0.8154333333333333,2.0,0.0,,,9.0,0.04465555555555555,4.0,0.09507499999999999
2021-06-17,169,0.1512585798816568,80,0.647275,4.0,0.20507499999999998,6.0,0.6407333333333333,10.0,0.21944,10.0,0.76881,4.0,0.04217500000000002,4.0,0.773275,1.0,0.0,1.0,0.9459,3.0,-0.07343333333333334,3.0,0.314
2021-06-18,172,0.18471569767441862,73,0.7181000000000002,3.0,0.22503333333333334,4.0,0.934425,15.0,0.20417333333333335,5.0,0.93154,9.0,0.29498888888888897,3.0,0.3782666666666666,1.0,0.6369,,,3.0,0.22503333333333334,2.0,0.91745
2021-06-19,115,0.12189391304347826,54,0.5130648148148148,2.0,0.6564,3.0,0.49510000000000004,7.0,0.20311428571428572,4.0,0.862125,4.0,0.17514999999999997,4.0,0.24082499999999998,,,,,2.0,0.0,2.0,0.025449999999999973
2021-06-20,59,0.067235593220339,33,0.4794666666666666,1.0,0.2732,1.0,-0.9505,5.0,0.30842,3.0,0.07693333333333334,1.0,0.0,1.0,0.9968,,,,,,,,
2021-06-21,60,0.051846666666666666,33,0.5472242424242425,2.0,0.0,6.0,0.6794500000000001,4.0,0.3275,6.0,0.5854666666666666,4.0,0.105375,2.0,-0.13105,1.0,0.3182,1.0,0.9665,,,2.0,0.9944
2021-06-22,150,0.13406666666666667,75,0.72848,5.0,0.1291,6.0,0.6433,6.0,0.33,5.0,0.83532,7.0,0.2857571428571429,7.0,0.4324,,,,,9.0,0.18279999999999996,6.0,0.9229499999999998
2021-06-23,178,0.1555129213483146,79,0.6216797468354431,4.0,0.42669999999999997,5.0,0.34096000000000004,4.0,0.11977499999999999,7.0,0.5148,6.0,-0.030666666666666665,3.0,0.8889333333333332,,,1.0,0.8834,9.0,0.1706888888888889,3.0,0.9492333333333334
2021-06-24,165,0.18353575757575757,80,0.5798675,4.0,0.02780000000000002,5.0,0.38168,2.0,0.4019,5.0,0.80288,10.0,0.13244999999999998,5.0,0.53766,,,,,13.0,0.23823076923076922,3.0,0.9327000000000001
2021-06-25,134,0.16099104477611936,71,0.6189647887323945,3.0,0.27446666666666664,4.0,0.8683000000000001,5.0,0.16846,2.0,0.9813000000000001,6.0,0.18211666666666668,5.0,0.9267800000000002,1.0,0.0,,,4.0,0.29642500000000005,2.0,0.9813000000000001
2021-06-26,128,0.08975312499999999,60,0.6173350000000002,2.0,0.11199999999999999,5.0,0.84152,4.0,0.23977500000000002,6.0,0.4274,1.0,0.4019,3.0,0.43086666666666673,7.0,0.1704857142857143,5.0,0.52776,2.0,0.13165,1.0,0.93
2021-06-28,5,0.3202,4,0.9930749999999999,,,,,,,,,,,,,,,,,,,,
2021-06-29,222,0.15466126126126126,93,0.6471204301075268,4.0,0.30824999999999997,6.0,0.6841499999999999,9.0,0.1391444444444444,6.0,0.7098333333333332,7.0,0.3055,4.0,0.97175,2.0,0.21075,,,3.0,0.3785,3.0,0.9760666666666666
2021-06-30,50,0.09032000000000001,25,0.5515239999999999,2.0,0.3777,3.0,0.8038333333333334,1.0,0.4019,1.0,0.9607,3.0,0.12583333333333332,2.0,0.9563999999999999,,,,,3.0,0.27446666666666664,1.0,0.9607
2021-07-01,150,0.13714600000000002,55,0.5738181818181819,1.0,0.4019,4.0,0.9613,3.0,0.4212666666666666,4.0,0.9605,,,4.0,0.48235000000000006,,,,,3.0,0.27446666666666664,3.0,0.31243333333333334
2021-07-02,106,0.1371122641509434,48,0.7271354166666667,4.0,0.190775,3.0,0.9420666666666667,5.0,0.30362,4.0,0.9542,1.0,0.0,2.0,0.9400999999999999,,,,,2.0,0.41169999999999995,1.0,0.8854
2021-07-03,89,0.17645955056179777,36,0.7024916666666667,1.0,0.4019,2.0,0.9809,2.0,0.54635,3.0,0.9733999999999999,2.0,0.59955,1.0,0.9883,,,,,5.0,0.37564,2.0,0.95465
2021-07-04,41,0.04317560975609756,25,0.37692800000000004,,,3.0,0.1766333333333333,1.0,-0.2732,2.0,-0.18465000000000004,,,1.0,0.9981,,,,,,,1.0,-0.9925
2021-07-05,30,0.14439,19,0.4629894736842105,1.0,0.4215,,,1.0,0.4215,2.0,0.9189,,,2.0,0.8988499999999999,,,,,1.0,0.4215,,
2021-07-06,88,0.0888375,40,0.55297,9.0,0.1946222222222222,4.0,0.49250000000000005,4.0,0.3013,2.0,0.9702500000000001,,,2.0,0.9702500000000001,1.0,0.0,1.0,0.9977,4.0,0.17782499999999998,3.0,0.9801333333333334
2021-07-07,31,0.17752903225806452,17,0.7315705882352941,1.0,0.4215,,,2.0,0.13419999999999999,,,,,1.0,0.9961,,,,,1.0,0.4215,,
2021-07-08,92,0.09520326086956521,40,0.46290499999999996,2.0,0.41169999999999995,2.0,0.9820500000000001,5.0,0.18555999999999997,2.0,0.88575,,,4.0,0.955825,,,,,5.0,0.0753,2.0,0.012199999999999989
2021-07-09,76,0.10256842105263157,27,0.5255592592592593,2.0,0.41169999999999995,1.0,0.956,4.0,0.4286,2.0,0.9196,,,,,,,,,2.0,0.20095,2.0,0.2974
2021-07-10,53,0.05714528301886793,21,0.5922523809523809,1.0,0.4019,2.0,0.57535,2.0,0.20095,3.0,0.5839,,,1.0,0.8126,1.0,0.1779,,,1.0,0.4019,2.0,0.57535
2021-07-11,30,0.014210000000000004,20,0.6163,,,4.0,0.825825,,,2.0,0.9968,,,,,,,,,,,,
2021-07-12,34,0.12448235294117647,22,0.5477409090909091,2.0,0.6428,3.0,0.3063333333333333,3.0,0.6093000000000001,2.0,-0.03640000000000004,1.0,0.8641,1.0,-0.9975,,,,,2.0,0.27295,1.0,-0.9975
2021-07-13,76,0.12353815789473686,33,0.6007212121212121,1.0,0.4019,2.0,0.9416,3.0,0.3731333333333333,2.0,0.9416,2.0,0.5362,1.0,0.8834,1.0,0.0,,,4.0,0.26835,1.0,0.8834
2021-07-14,75,0.07632933333333335,38,0.6488868421052632,3.0,0.12536666666666665,2.0,0.95175,3.0,0.26586666666666664,2.0,0.95175,3.0,0.1745,3.0,0.9838666666666667,2.0,0.41169999999999995,1.0,0.959,3.0,0.27446666666666664,2.0,0.97915
2021-07-15,120,0.04248999999999999,55,0.3246945454545455,6.0,0.12011666666666665,11.0,0.11710909090909093,9.0,0.016877777777777783,12.0,0.34251666666666664,2.0,0.064,3.0,0.3879333333333333,,,,,3.0,0.3655333333333333,5.0,0.7195199999999999
2021-07-16,83,0.07129638554216867,43,0.6110651162790699,5.0,0.23662,3.0,0.8973999999999999,5.0,0.12704,1.0,0.7579,1.0,0.4215,1.0,0.9571,,,,,2.0,-0.019250000000000017,1.0,0.7579
2021-07-17,61,0.052719672131147546,24,0.4739583333333333,1.0,-0.3182,,,,,1.0,0.9928,1.0,0.0,,,1.0,0.4144,1.0,-0.4588,1.0,0.2732,,
2021-07-18,22,-0.019518181818181816,11,-0.05414545454545459,,,1.0,-0.9032,,,1.0,-0.9032,1.0,0.0,1.0,-0.9032,,,,,,,1.0,-0.9521
2021-07-19,39,0.07584102564102564,20,0.59484,2.0,0.21075,1.0,0.9107,3.0,0.31606666666666666,2.0,0.7851999999999999,,,2.0,0.30705000000000005,1.0,0.128,1.0,-0.3846,1.0,0.4215,,
2021-07-20,63,0.10603492063492062,29,0.37407931034482755,1.0,0.6124,1.0,0.9607,1.0,-0.1531,,,1.0,0.2732,,,2.0,0.06885000000000001,,,,,,
2021-08-02,25,0.047972,12,0.41254166666666664,2.0,0.34735,,,,,1.0,-0.7657,,,,,,,,,,,,
2021-08-03,55,0.11064545454545453,28,0.675375,3.0,0.3149,3.0,0.8207333333333332,,,1.0,0.9959,1.0,-0.34,2.0,0.99595,,,,,,,1.0,0.9959
2021-08-04,100,0.12442100000000002,33,0.5782848484848484,4.0,0.11505,1.0,0.9967,2.0,0.2301,1.0,-0.7848,,,,,,,,,1.0,0.0,,
2021-08-05,95,0.11969052631578947,43,0.6117883720930233,2.0,0.36985,4.0,0.39857499999999996,2.0,0.21075,3.0,0.05803333333333338,,,1.0,0.9944,,,,,,,1.0,-0.9054
2021-08-06,84,0.13047142857142857,38,0.6644131578947368,,,1.0,0.8229,2.0,0.52095,2.0,0.6388,,,,,,,,,2.0,0.33825,2.0,0.6356
2021-08-07,36,0.03175555555555555,12,0.34756666666666675,,,,,1.0,-0.2263,2.0,0.9739500000000001,,,,,,,,,,,,
2021-08-08,39,0.055779487179487185,25,0.739416,,,2.0,0.9964999999999999,1.0,0.4019,2.0,0.99875,,,,,,,,,2.0,-0.009800000000000003,2.0,0.9978
2021-08-09,64,0.025940625000000005,28,0.6058857142857142,2.0,0.21075,,,2.0,0.21075,,,,,,,,,,,,,,
2021-08-10,54,0.08554814814814815,18,0.5902277777777777,,,,,4.0,0.11827499999999999,1.0,-0.0258,,,,,,,,,,,,
2021-08-11,91,0.13385384615384616,52,0.6350980769230768,1.0,0.0,2.0,0.9506,1.0,0.4215,,,2.0,0.17,2.0,0.94005,,,,,1.0,0.4215,1.0,0.9837
2021-08-12,75,0.07415333333333333,35,0.7311885714285714,1.0,0.0,1.0,0.9499,,,,,1.0,-0.5859,1.0,0.5023,,,,,8.0,-0.046674999999999994,1.0,0.9499
2021-08-13,64,0.069134375,31,0.6070483870967742,,,2.0,0.60085,,,1.0,0.9995,,,1.0,0.9995,1.0,0.0,1.0,0.9991,2.0,0.34735,2.0,0.5998
2021-08-14,37,-0.02857837837837839,16,0.45075,,,1.0,0.9788,,,1.0,0.9788,,,,,,,1.0,0.9273,,,2.0,0.71465
2021-08-15,21,0.02048095238095238,17,0.6278705882352941,,,,,1.0,0.0,1.0,0.8979,,,,,,,,,,,,
2021-08-16,11,0.08604545454545455,9,0.7446222222222222,,,,,,,1.0,0.9984,,,,,,,,,1.0,0.2263,1.0,-0.748
