Date,Clov Price,BB Price,AMC Price,GME Price,count_title,negative_mean_title,positive_mean_title,neutral_mean_title,compound_mean_title,count_body,negative_mean_body,positive_mean_body,neutral_mean_body,compound_mean_body,count_gme_title,negative_mean_gme_title,positive_mean_gme_title,neutral_mean_gme_title,compound_mean_gme_title,count_gme_body,negative_mean_gme_body,positive_mean_gme_body,neutral_mean_gme_body,compound_mean_gme_body,count_amc_title,negative_mean_amc_title,positive_mean_amc_title,neutral_mean_amc_title,compound_mean_amc_title,count_amc_body,negative_mean_amc_body,positive_mean_amc_body,neutral_mean_amc_body,compound_mean_amc_body,count_bb_title,negative_mean_bb_title,positive_mean_bb_title,neutral_mean_bb_title,compound_mean_bb_title,count_bb_body,negative_mean_bb_body,positive_mean_bb_body,neutral_mean_bb_body,compound_mean_bb_body,count_clov_title,negative_mean_clov_title,positive_mean_clov_title,neutral_mean_clov_title,compound_mean_clov_title,count_clov_body,negative_mean_clov_body,positive_mean_clov_body,neutral_mean_clov_body,compound_mean_clov_body
2021-01-28,14.07,14.65,8.63,193.6,1192,0.08767869127516775,0.07879949664429535,0.8326887583892617,-0.0070508389261744984,684,0.08981871345029245,0.09550292397660827,0.8132119883040927,0.04907295321637433,276.0,0.08820289855072462,0.07100362318840582,0.8408079710144925,-0.02286847826086957,255.0,0.08358823529411771,0.08782745098039225,0.8285843137254899,0.037201568627451005,115.0,0.07120869565217393,0.05329565217391306,0.875486956521739,-0.031479999999999994,114.0,0.07931578947368419,0.08267543859649126,0.8380789473684215,0.0630166666666667,43.0,0.10332558139534882,0.08325581395348837,0.8133953488372093,-0.033865116279069775,63.0,0.08177777777777777,0.08380952380952382,0.8344761904761903,0.02421111111111111,1.0,0.0,0.0,1.0,0.0,,,,,
2021-01-29,13.95,14.1,13.26,325.0,15653,0.08656813390404391,0.0790898869226352,0.8337679678016952,-0.014411250239570654,9034,0.08956464467566977,0.09330839052468456,0.8163501217622329,0.005163759132167355,3105.0,0.07047793880837362,0.06293365539452488,0.8665822866344607,-0.011957101449275328,2507.0,0.08389908256880721,0.09357000398883114,0.8225197447147994,0.03953123254886316,1506.0,0.06176228419654716,0.05289243027888455,0.8853452855245679,-0.015634262948207123,1011.0,0.0780593471810089,0.08189614243323443,0.8400405539070221,4.955489614244326e-05,849.0,0.06011542991755009,0.06053710247349828,0.8793404004711427,-0.006017196702002336,623.0,0.08043659711075438,0.08723113964686996,0.8323130016051368,0.020259069020866792,,,,,,,,,,
2021-02-01,13.81,14.63,13.3,225.0,880,0.07446022727272726,0.10352727272727268,0.8220124999999995,0.037553068181818194,319,0.07527586206896551,0.1143416927899686,0.810363636363636,0.3798492163009405,236.0,0.07858050847457622,0.08863983050847461,0.8327754237288135,0.020081779661016957,215.0,0.07742325581395353,0.1123767441860465,0.8101860465116277,0.37838325581395343,48.0,0.06595833333333333,0.09304166666666668,0.8409791666666666,0.04923749999999997,48.0,0.07547916666666668,0.10985416666666667,0.8147708333333332,0.4127562500000001,23.0,0.023521739130434784,0.10278260869565216,0.8737391304347825,0.08695652173913042,34.0,0.07211764705882352,0.10750000000000004,0.8204411764705883,0.5082882352941178,,,,,,,,,,
2021-02-02,13.97,11.55,7.82,90.0,1488,0.0942190860215054,0.11368346774193545,0.7914247311827954,0.028819220430107543,351,0.08147863247863245,0.11116809116809112,0.8045071225071219,0.22008689458689465,323.0,0.06892879256965942,0.11057585139318893,0.8205015479876153,0.08583746130030956,219.0,0.08470319634703195,0.11150684931506843,0.8038219178082194,0.2055383561643835,80.0,0.07365000000000001,0.1011875,0.8250875000000001,0.01744875000000002,43.0,0.0728139534883721,0.11586046511627908,0.8113255813953488,0.4318627906976746,32.0,0.05653125,0.06434374999999999,0.87915625,0.03936875,23.0,0.07795652173913044,0.12482608695652175,0.7972173913043479,0.5062043478260871,,,,,,,,,,
2021-02-03,13.95,12.0,8.97,92.41,2626,0.08695773038842344,0.11362490479817215,0.7986595582635182,0.031519687738004565,675,0.08233629629629635,0.11452888888888885,0.8031274074074071,0.23204074074074074,572.0,0.07993181818181819,0.09432867132867133,0.8257412587412588,0.04057604895104897,350.0,0.08425714285714288,0.11258285714285718,0.8031771428571421,0.28373542857142864,170.0,0.07609999999999997,0.08065882352941177,0.8432588235294118,0.012134705882352942,92.0,0.07483695652173915,0.10460869565217397,0.8206086956521739,0.24835978260869554,38.0,0.07507894736842105,0.09905263157894738,0.8258684210526317,0.11527894736842105,27.0,0.06425925925925928,0.1195185185185185,0.8161481481481481,0.4658777777777779,1.0,0.0,0.0,1.0,0.0,2.0,0.0265,0.1105,0.8634999999999999,0.9857
2021-02-04,12.23,12.15,7.09,53.5,1665,0.07260120120120117,0.11074474474474484,0.8166564564564568,0.04977459459459453,858,0.08367832167832169,0.11580186480186475,0.8005198135198142,0.1897069930069929,341.0,0.053542521994134895,0.08916422287390031,0.8573108504398825,0.06263782991202352,368.0,0.08654619565217392,0.11197554347826084,0.801456521739131,0.18628858695652184,113.0,0.03882300884955752,0.10347787610619466,0.8577079646017701,0.1253973451327434,101.0,0.07412871287128713,0.1141188118811882,0.8117524752475247,0.17642376237623753,26.0,0.07430769230769231,0.07753846153846154,0.8481538461538463,0.028692307692307687,28.0,0.08153571428571428,0.08621428571428573,0.8321428571428573,0.10051428571428572,3.0,0.0,0.084,0.9159999999999999,0.13396666666666665,3.0,0.102,0.05766666666666667,0.8403333333333333,-0.3038333333333333
2021-02-05,12.93,13.23,6.83,63.77,2585,0.08358452611218567,0.10873462282398452,0.8072955512572519,0.030021315280464138,1659,0.09269077757685357,0.11485774562989755,0.7918613622664248,0.12758770343580475,599.0,0.06229549248747913,0.08612186978297164,0.8515876460767946,0.03259899833055094,632.0,0.08399683544303797,0.1123955696202532,0.8036297468354422,0.2054765822784812,156.0,0.054525641025641024,0.0877435897435897,0.8577179487179486,0.06340512820512821,184.0,0.08344565217391305,0.10434782608695654,0.812217391304348,0.13000869565217396,25.0,0.04904,0.09539999999999997,0.8556000000000001,0.06986399999999998,36.0,0.0927777777777778,0.12533333333333335,0.7818888888888887,0.1991083333333333,9.0,0.05533333333333333,0.022,0.9226666666666667,-0.07273333333333334,5.0,0.1338,0.073,0.7931999999999999,-0.2115
2021-02-08,12.37,13.76,6.18,60.0,284,0.062028169014084526,0.1231901408450704,0.814781690140845,0.09952711267605638,127,0.07056692913385827,0.12231496062992132,0.8070472440944881,0.34665433070866153,58.0,0.0784655172413793,0.11451724137931035,0.8070172413793103,0.055862068965517236,62.0,0.08738709677419353,0.10596774193548386,0.8065967741935484,0.14857096774193546,21.0,0.07285714285714284,0.11976190476190475,0.8073333333333333,0.04824761904761904,24.0,0.07575,0.10020833333333334,0.8240416666666669,0.31840416666666665,1.0,0.0,0.535,0.465,0.3182,8.0,0.07837499999999999,0.1045,0.8172499999999999,0.35805000000000003,1.0,0.0,0.0,1.0,0.0,1.0,0.096,0.11699999999999999,0.787,0.2732
2021-02-09,13.16,13.43,5.5,50.31,148,0.06027702702702701,0.11531081081081082,0.8244189189189193,0.08522500000000001,110,0.07600909090909096,0.12095454545454552,0.8030272727272726,0.4156490909090911,32.0,0.06896875,0.11103125,0.8200624999999998,0.08848125000000003,44.0,0.08913636363636362,0.10586363636363633,0.8049772727272728,0.3557636363636363,9.0,0.08900000000000001,0.07211111111111111,0.8388888888888889,0.08112222222222222,13.0,0.09307692307692307,0.0906923076923077,0.8160000000000001,0.29996153846153845,3.0,0.0,0.057333333333333326,0.9426666666666668,0.1204,3.0,0.035,0.11066666666666668,0.8543333333333334,0.9399333333333332,,,,,,,,,,
2021-02-10,12.5,13.1,5.8,51.2,222,0.0626036036036036,0.08002252252252252,0.8573738738738736,0.018625225225225236,164,0.07373780487804882,0.12291463414634145,0.8033048780487803,0.4051091463414634,45.0,0.12377777777777775,0.05386666666666667,0.8223333333333334,-0.09572222222222222,71.0,0.08111267605633803,0.11560563380281692,0.8031830985915491,0.3927845070422535,7.0,0.05442857142857143,0.08371428571428571,0.8618571428571429,0.021457142857142862,19.0,0.07926315789473683,0.1193684210526316,0.8013684210526316,0.3069894736842105,6.0,0.11416666666666668,0.03616666666666666,0.8496666666666667,-0.1588,7.0,0.062285714285714285,0.1107142857142857,0.8270000000000001,0.4321142857142858,,,,,,1.0,0.015,0.20600000000000002,0.779,0.9987
2021-02-11,12.01,12.46,5.61,51.1,168,0.03236904761904762,0.0859642857142857,0.8816607142857141,0.07488035714285715,125,0.056607999999999985,0.12372799999999999,0.819728,0.5820704000000001,18.0,0.023722222222222224,0.10138888888888888,0.8748888888888889,0.1519,39.0,0.07820512820512819,0.10379487179487183,0.8181282051282049,0.3290717948717949,3.0,0.0,0.077,0.9229999999999999,0.09106666666666667,11.0,0.09218181818181817,0.10663636363636364,0.8010909090909091,0.20275454545454544,2.0,0.0,0.0,1.0,0.0,9.0,0.08888888888888889,0.11088888888888887,0.8002222222222222,0.4943444444444444,,,,,,,,,,
2021-02-12,12.08,13.04,5.59,52.4,179,0.07508379888268157,0.11079329608938553,0.8141229050279329,0.06186703910614525,143,0.06682517482517482,0.12086713286713277,0.8122867132867131,0.4391818181818181,8.0,0.1015,0.140875,0.757625,0.0795875,34.0,0.08076470588235296,0.11858823529411767,0.8006470588235296,0.41755,4.0,0.32799999999999996,0.0,0.6719999999999999,-0.5045499999999999,7.0,0.06914285714285713,0.11985714285714287,0.8109999999999999,0.5938285714285714,3.0,0.042666666666666665,0.13899999999999998,0.8183333333333334,0.09476666666666668,3.0,0.04166666666666666,0.09433333333333334,0.8636666666666667,0.9802,,,,,,,,,,
2021-02-16,11.49,12.21,5.65,49.51,90,0.035155555555555565,0.15766666666666665,0.8071666666666666,0.14274777777777778,68,0.06163235294117648,0.1305294117647059,0.8077794117647059,0.5936529411764708,2.0,0.172,0.1185,0.7095,-0.05045,19.0,0.07768421052631577,0.11268421052631575,0.809578947368421,0.4821315789473686,2.0,0.0,0.247,0.753,0.2997,5.0,0.1124,0.1036,0.7838,0.16864,1.0,0.0,0.0,1.0,0.0,2.0,0.17600000000000002,0.0745,0.7490000000000001,-0.91235,,,,,,1.0,0.05,0.133,0.816,0.9959
2021-02-17,11.32,11.32,5.55,45.94,171,0.0710643274853801,0.12628654970760236,0.8026374269005847,0.08063859649122805,88,0.060988636363636335,0.12544318181818184,0.8135681818181819,0.5312874999999998,13.0,0.15100000000000002,0.0623076923076923,0.7866153846153845,-0.13376923076923078,18.0,0.07433333333333332,0.10855555555555554,0.8170000000000001,0.3331888888888889,2.0,0.0,0.1925,0.8075,0.1806,6.0,0.09283333333333334,0.11333333333333333,0.7936666666666666,0.5586833333333333,1.0,0.0,0.0,1.0,0.0,3.0,0.063,0.08533333333333333,0.8516666666666667,0.2534333333333333,,,,,,,,,,
2021-02-18,10.83,10.94,5.51,40.69,245,0.06865714285714289,0.1196938775510204,0.8116489795918368,0.07052408163265307,82,0.053780487804878034,0.12756097560975607,0.8186097560975608,0.596420731707317,32.0,0.09790625,0.0998125,0.8023437500000001,0.014793749999999996,26.0,0.07596153846153844,0.12576923076923074,0.7983076923076923,0.6605461538461538,5.0,0.151,0.0,0.8490000000000001,-0.18648,3.0,0.10233333333333333,0.13933333333333334,0.7583333333333333,0.3366333333333333,7.0,0.045,0.06771428571428571,0.8872857142857143,0.0705857142857143,4.0,0.04825,0.14475,0.8069999999999999,0.972475,,,,,,,,,,
2021-02-19,10.98,10.9,5.7,40.59,346,0.0691387283236994,0.131378612716763,0.7994884393063585,0.0808497109826589,108,0.07357407407407407,0.12129629629629628,0.8051203703703701,0.40916388888888894,48.0,0.05358333333333334,0.05954166666666666,0.8868749999999999,0.008206250000000002,38.0,0.08326315789473683,0.10823684210526316,0.8086052631578949,0.3724578947368421,6.0,0.08683333333333333,0.05566666666666667,0.8574999999999999,-0.06431666666666667,5.0,0.06920000000000001,0.1334,0.7976,0.5587799999999999,3.0,0.060666666666666674,0.3740000000000001,0.5653333333333334,0.28316666666666673,2.0,0.054000000000000006,0.12,0.8265,0.9379,,,,,,,,,,
2021-02-22,11.08,10.68,6.55,46.0,139,0.06797841726618706,0.12413669064748205,0.8078633093525178,0.059445323741007215,50,0.05574,0.13288000000000005,0.8113199999999998,0.48,16.0,0.046312499999999986,0.0856875,0.868,0.06196875,8.0,0.044375000000000005,0.127625,0.827875,0.8324375,3.0,0.25899999999999995,0.04733333333333333,0.6936666666666667,-0.3424666666666667,1.0,0.059000000000000004,0.09699999999999999,0.843,0.9747,3.0,0.0,0.07933333333333333,0.9206666666666666,0.1204,1.0,0.043,0.081,0.8759999999999999,0.9482,,,,,,,,,,
2021-02-23,10.13,10.4,7.7,44.97,267,0.07229213483146069,0.12232958801498127,0.8016254681647941,0.07594194756554305,83,0.06046987951807229,0.12327710843373495,0.8163493975903615,0.4955530120481929,40.0,0.091625,0.1177,0.7906250000000001,0.025717499999999987,21.0,0.06466666666666666,0.118,0.8173809523809523,0.5037285714285714,20.0,0.034449999999999995,0.1472,0.8183,0.174955,2.0,0.0945,0.16099999999999998,0.7444999999999999,0.98985,7.0,0.050142857142857135,0.09585714285714284,0.8538571428571429,0.1811428571428571,3.0,0.05466666666666667,0.207,0.738,0.9753000000000002,,,,,,,,,,
2021-02-24,10.34,11.32,9.09,91.71,240,0.07172916666666665,0.13905416666666676,0.7892125000000001,0.06555875,75,0.058066666666666635,0.12994666666666668,0.8119466666666669,0.5422453333333334,31.0,0.07796774193548386,0.12116129032258065,0.8008709677419354,0.05684516129032258,14.0,0.07135714285714287,0.10678571428571428,0.8218571428571427,0.3543071428571428,9.0,0.04933333333333333,0.20266666666666666,0.748,0.023511111111111087,4.0,0.063,0.14675,0.79,0.54235,5.0,0.0,0.0864,0.9136,0.22496,4.0,0.0455,0.0915,0.86325,0.493,,,,,,,,,,
2021-02-25,9.71,10.58,8.29,108.73,542,0.05956826568265682,0.12227859778597787,0.8181512915129153,0.07746457564575644,117,0.058880341880341885,0.11061538461538464,0.8305982905982909,0.3889521367521366,55.0,0.03910909090909091,0.10099999999999999,0.8598545454545452,0.10270909090909087,31.0,0.07245161290322581,0.11,0.8176451612903226,0.4423064516129032,25.0,0.0548,0.10104,0.8440799999999999,0.093824,9.0,0.06011111111111112,0.111,0.8291111111111111,0.6748777777777778,6.0,0.049666666666666665,0.0,0.9503333333333334,-0.08778333333333332,4.0,0.03875,0.0835,0.8775,0.360925,,,,,,,,,,
2021-02-26,9.4,10.05,8.01,101.74,561,0.06178609625668454,0.12356327985739746,0.8146648841354726,0.09865240641711233,141,0.06234751773049645,0.11512765957446805,0.8225602836879429,0.4679234042553192,138.0,0.039253623188405785,0.11268115942028985,0.8480652173913044,0.13983188405797106,76.0,0.06672368421052631,0.11090789473684212,0.8224078947368424,0.4643486842105263,23.0,0.05030434782608696,0.07391304347826086,0.8757826086956522,0.12819130434782608,18.0,0.08549999999999998,0.10833333333333334,0.8062777777777779,0.2709944444444444,4.0,0.0,0.21625,0.7837500000000001,0.3830750000000001,9.0,0.07255555555555555,0.09311111111111113,0.8345555555555556,0.3824444444444444,,,,,,,,,,
2021-03-01,10.37,10.91,9.18,120.4,133,0.04916541353383458,0.10100751879699248,0.8498120300751878,0.08992406015037592,72,0.05647222222222222,0.12220833333333332,0.8213333333333334,0.5936083333333332,30.0,0.02343333333333333,0.1141,0.8624666666666667,0.14685333333333336,29.0,0.06499999999999999,0.11244827586206896,0.8225517241379311,0.6807827586206895,10.0,0.0685,0.0968,0.8347,0.09801,8.0,0.057,0.12425,0.8186249999999999,0.9665875,2.0,0.087,0.0,0.9129999999999999,-0.3454,3.0,0.07066666666666667,0.13066666666666668,0.7986666666666666,0.9812,,,,,,,,,,
2021-03-02,9.04,10.5,8.93,118.18,358,0.05633519553072627,0.12457821229050273,0.819086592178771,0.10223100558659214,114,0.05536842105263156,0.1179824561403509,0.826657894736842,0.5131078947368422,67.0,0.02919402985074626,0.10088059701492537,0.8699552238805971,0.11488805970149255,34.0,0.060205882352941165,0.11673529411764705,0.8230294117647059,0.5754029411764707,20.0,0.01825,0.12525,0.8564999999999999,0.17262,8.0,0.052250000000000005,0.114875,0.8328749999999999,0.6234500000000001,2.0,0.0,0.3545,0.6455,0.4153,2.0,0.0955,0.104,0.8009999999999999,-0.0711,,,,,,,,,,
2021-03-03,8.29,10.15,8.58,124.18,589,0.043592529711375214,0.1368573853989813,0.8195534804753813,0.1306940577249576,165,0.05633333333333335,0.12460000000000004,0.8190969696969703,0.4648145454545453,97.0,0.056072164948453615,0.11994845360824748,0.8240000000000001,0.1094680412371134,56.0,0.06053571428571425,0.11850000000000005,0.8209285714285716,0.5590142857142858,14.0,0.0,0.1192857142857143,0.8807142857142857,0.16044285714285714,12.0,0.06125000000000001,0.12825,0.8104166666666665,0.6239666666666667,5.0,0.0,0.177,0.8230000000000001,0.20681999999999998,7.0,0.03185714285714286,0.1407142857142857,0.8272857142857143,0.9036285714285716,1.0,0.316,0.0,0.684,-0.5719,1.0,0.133,0.14800000000000002,0.72,0.2508
2021-03-04,7.29,9.84,8.03,132.35,474,0.06833544303797469,0.1185928270042194,0.8130738396624472,0.07293037974683537,204,0.05779901960784312,0.1180392156862745,0.8241568627450987,0.5830034313725491,72.0,0.04993055555555556,0.09186111111111113,0.8581944444444447,0.049394444444444435,75.0,0.06253333333333334,0.12251999999999998,0.8149466666666666,0.6459706666666666,11.0,0.0,0.061545454545454535,0.9384545454545457,0.10749090909090908,17.0,0.05994117647058823,0.127,0.8132352941176471,0.7588411764705884,,,,,,4.0,0.05325,0.12475,0.82175,0.493525,1.0,0.14300000000000002,0.266,0.591,0.4404,,,,,
2021-03-05,7.84,9.45,8.05,137.74,427,0.07463934426229507,0.11822248243559715,0.8047962529274001,0.058528337236533924,162,0.057327160493827176,0.11469135802469133,0.8279753086419752,0.4810790123456789,67.0,0.04855223880597015,0.10870149253731344,0.8427313432835821,0.06922089552238808,49.0,0.061428571428571416,0.11277551020408165,0.8258163265306123,0.543061224489796,13.0,0.08915384615384614,0.05007692307692308,0.8607692307692307,-0.028738461538461525,10.0,0.055700000000000006,0.1221,0.8223,0.68416,6.0,0.13916666666666666,0.12716666666666668,0.7336666666666667,0.17463333333333333,4.0,0.0365,0.07525,0.888,0.341725,,,,,,,,,,
2021-03-08,7.35,9.75,9.29,194.5,125,0.07343999999999998,0.11711999999999995,0.8094319999999998,0.05730319999999999,61,0.0591639344262295,0.1313606557377049,0.8095081967213118,0.6105606557377049,22.0,0.03554545454545455,0.1229090909090909,0.8415454545454545,0.16718636363636366,26.0,0.06261538461538461,0.11711538461538465,0.8203076923076924,0.7023076923076922,4.0,0.07400000000000001,0.0695,0.8565,0.023049999999999998,2.0,0.0905,0.1315,0.778,0.6482,2.0,0.0,0.262,0.738,0.2553,2.0,0.031,0.1335,0.8354999999999999,0.82805,,,,,,,,,,
2021-03-09,8.19,10.45,10.5,246.9,351,0.05290598290598294,0.1426467236467238,0.8044586894586897,0.11600968660968655,90,0.062011111111111114,0.1201,0.8178888888888892,0.516121111111111,78.0,0.03593589743589744,0.14347435897435895,0.8206153846153847,0.16147051282051286,24.0,0.0834166666666667,0.11983333333333332,0.7967083333333335,0.4389208333333333,8.0,0.076625,0.182875,0.7404999999999999,-0.0068625000000000075,7.0,0.06414285714285714,0.13257142857142856,0.8031428571428572,0.6201142857142857,9.0,0.0,0.10344444444444444,0.8965555555555554,0.28142222222222224,6.0,0.06483333333333334,0.095,0.8401666666666667,0.6031833333333333,,,,,,,,,,
2021-03-10,8.11,10.34,9.85,265.0,580,0.04804310344827587,0.13918965517241386,0.8127637931034482,0.14468241379310345,129,0.05880620155038758,0.12155813953488374,0.8196279069767441,0.4921906976744187,149.0,0.032000000000000015,0.1068657718120805,0.8611342281879196,0.12188255033557048,52.0,0.06619230769230773,0.11859615384615385,0.8151538461538463,0.5572884615384617,29.0,0.038482758620689665,0.15744827586206894,0.8040689655172413,0.13347931034482755,4.0,0.1,0.1015,0.7985,0.391975,5.0,0.1274,0.1628,0.7098000000000001,0.08674000000000001,1.0,0.091,0.131,0.778,0.7079,,,,,,,,,,
2021-03-11,8.67,10.7,10.28,260.0,550,0.06236181818181818,0.13394909090909085,0.8036745454545448,0.09738309090909088,168,0.06832738095238097,0.11041666666666672,0.8212619047619046,0.3566845238095238,125.0,0.065688,0.127352,0.8069440000000002,0.1075504,71.0,0.09143661971830984,0.1080422535211268,0.8004929577464792,0.336356338028169,34.0,0.05388235294117648,0.12467647058823528,0.8214117647058822,0.08633235294117649,23.0,0.08856521739130438,0.12095652173913042,0.7903913043478259,0.3934826086956521,4.0,0.14025,0.214,0.64575,0.181775,3.0,0.059333333333333335,0.125,0.8156666666666667,0.9152333333333336,,,,,,,,,,
2021-03-12,8.91,11.85,11.16,264.5,312,0.0771826923076923,0.13221794871794876,0.7905865384615384,0.09492820512820514,104,0.05457692307692307,0.12226923076923073,0.8231346153846155,0.5535711538461539,72.0,0.06636111111111112,0.0868888888888889,0.8467361111111109,0.041808333333333336,34.0,0.066,0.11779411764705885,0.8161470588235294,0.6808676470588235,12.0,0.0325,0.10300000000000001,0.8645,0.26890833333333336,8.0,0.030999999999999993,0.12575,0.84325,0.8548375,,,,,,1.0,0.047,0.172,0.7809999999999999,0.9997,,,,,,,,,,
2021-03-15,8.88,11.68,14.04,220.14,93,0.06341935483870967,0.10598924731182792,0.8306021505376345,0.07039247311827958,54,0.05307407407407408,0.13453703703703704,0.8124074074074072,0.7225777777777779,15.0,0.009133333333333334,0.10753333333333333,0.8833333333333332,0.13683999999999996,20.0,0.05655,0.10760000000000004,0.8357000000000001,0.80698,2.0,0.1245,0.1355,0.74,0.064,6.0,0.060666666666666674,0.14333333333333334,0.7961666666666667,0.9959166666666668,2.0,0.059000000000000004,0.099,0.8420000000000001,0.15835,3.0,0.04633333333333333,0.13933333333333334,0.8136666666666666,0.9959666666666666,,,,,,2.0,0.0485,0.1155,0.836,0.10920000000000002
2021-03-16,8.61,11.46,13.02,208.17,234,0.050273504273504285,0.12610256410256412,0.8236324786324783,0.11250170940170934,77,0.06215584415584417,0.13006493506493508,0.8077792207792208,0.4896909090909092,50.0,0.04824,0.10871999999999997,0.8430599999999999,0.105184,35.0,0.07280000000000003,0.12342857142857143,0.8037714285714285,0.4789885714285714,28.0,0.015178571428571428,0.10328571428571427,0.8815357142857143,0.1724964285714286,10.0,0.0683,0.1254,0.8064,0.52504,2.0,0.0,0.1065,0.8935,0.11315,6.0,0.06783333333333333,0.12083333333333332,0.8116666666666665,0.6086833333333334,,,,,,,,,,
2021-03-17,8.75,11.6,13.56,209.81,233,0.05251072961373392,0.12945922746781113,0.8180300429184553,0.11317982832618025,88,0.0670909090909091,0.12197727272727273,0.8109999999999999,0.5239590909090908,55.0,0.05685454545454545,0.11892727272727273,0.8242181818181818,0.1149618181818182,43.0,0.06776744186046511,0.11551162790697678,0.8167441860465118,0.5755999999999999,14.0,0.07692857142857143,0.07042857142857142,0.8526428571428571,0.07273571428571428,10.0,0.06810000000000001,0.1075,0.8245999999999999,0.58929,3.0,0.05366666666666667,0.114,0.8323333333333333,-0.047300000000000016,1.0,0.053,0.102,0.845,0.9264,,,,,,,,,,
2021-03-18,8.47,10.76,14.0,201.75,214,0.06038317757009345,0.13953738317757014,0.8000700934579439,0.12632943925233645,74,0.05977027027027024,0.11822972972972975,0.8220405405405403,0.5711635135135135,34.0,0.08191176470588234,0.04947058823529412,0.8686176470588235,-0.05193823529411765,28.0,0.06475,0.10146428571428574,0.8338928571428573,0.4763464285714286,8.0,0.0075,0.0645,0.9279999999999999,0.2063375,6.0,0.053,0.1245,0.8228333333333334,0.6500333333333334,3.0,0.0,0.0,1.0,0.0,4.0,0.04725,0.1235,0.82925,0.762825,,,,,,1.0,0.025,0.134,0.841,0.9887
2021-03-19,8.51,10.95,13.93,200.27,218,0.07104587155963303,0.1327935779816514,0.7961743119266049,0.06377844036697244,69,0.06266666666666662,0.13243478260869565,0.8048985507246378,0.4217579710144929,40.0,0.065475,0.057774999999999986,0.8767750000000001,-0.01742499999999999,25.0,0.07292000000000001,0.13736000000000004,0.7897599999999998,0.546044,4.0,0.09699999999999999,0.12025,0.78275,0.133525,3.0,0.050333333333333334,0.16266666666666665,0.7869999999999999,0.9937333333333332,2.0,0.0775,0.129,0.7935,-0.034200000000000015,3.0,0.04533333333333334,0.22,0.735,0.9649666666666666,,,,,,1.0,0.043,0.021,0.9359999999999999,-0.8979
2021-03-22,8.79,10.71,12.49,194.49,59,0.06671186440677966,0.14677966101694914,0.7865084745762712,0.07124406779661019,28,0.05842857142857144,0.1516785714285714,0.7899999999999999,0.7634,9.0,0.03988888888888889,0.07666666666666666,0.8834444444444444,0.05345555555555555,8.0,0.078375,0.068125,0.85375,0.4035375,1.0,0.0,0.244,0.7559999999999999,0.4404,4.0,0.05875,0.10300000000000001,0.8385,0.492625,,,,,,1.0,0.03,0.064,0.9059999999999999,0.9766,,,,,,,,,,
2021-03-23,8.27,10.07,10.66,181.75,113,0.040752212389380524,0.14753097345132735,0.8117433628318584,0.1297663716814159,40,0.05875000000000001,0.13240000000000002,0.8088749999999999,0.6438099999999999,16.0,0.013437500000000002,0.0976875,0.8889375,0.12224375,15.0,0.05193333333333335,0.10393333333333336,0.8441333333333334,0.6384399999999999,3.0,0.0,0.141,0.8590000000000001,0.09866666666666668,3.0,0.03366666666666667,0.10766666666666667,0.8590000000000001,0.9003,,,,,,,,,,,,,,,,,,,,
2021-03-24,7.67,9.58,9.02,120.34,143,0.054762237762237764,0.13492307692307695,0.810300699300699,0.09046013986013986,47,0.044702127659574466,0.127,0.8283404255319148,0.6805382978723402,36.0,0.019527777777777776,0.08530555555555558,0.8951388888888889,0.10761944444444443,17.0,0.04005882352941177,0.09799999999999998,0.8617647058823532,0.6945294117647058,7.0,0.04428571428571428,0.07314285714285715,0.8825714285714286,-0.07474285714285714,1.0,0.038,0.19,0.772,0.9989,1.0,0.0,0.0,1.0,0.0,3.0,0.02366666666666667,0.1436666666666667,0.8326666666666668,0.9934666666666666,,,,,,,,,,
2021-03-25,7.82,9.88,10.94,183.75,269,0.0829256505576208,0.13160966542750932,0.7854535315985133,0.07020520446096655,55,0.060472727272727275,0.1313818181818182,0.8083454545454546,0.5354763636363636,38.0,0.03989473684210527,0.08747368421052631,0.8726578947368421,0.07330263157894737,18.0,0.063,0.10061111111111112,0.8365555555555555,0.5796888888888889,10.0,0.08990000000000001,0.1252,0.7849,0.03676999999999996,4.0,0.079,0.08850000000000001,0.8325,0.11172500000000002,1.0,0.0,0.57,0.43,0.6486,2.0,0.047,0.146,0.807,0.99605,,,,,,,,,,
2021-03-26,7.59,9.63,10.24,181.0,185,0.057427027027027025,0.10345945945945946,0.8391243243243243,0.06781027027027027,39,0.04679487179487178,0.12069230769230767,0.8325128205128206,0.4579948717948718,40.0,0.0377,0.100325,0.8620000000000001,0.08016999999999999,8.0,0.05775000000000001,0.081,0.8609999999999999,0.15030000000000002,7.0,0.029428571428571425,0.17714285714285713,0.7934285714285715,0.1598,2.0,0.05,0.0575,0.892,0.045800000000000014,3.0,0.03,0.04566666666666667,0.9243333333333332,0.09106666666666667,2.0,0.0495,0.0925,0.8580000000000001,0.82195,,,,,,,,,,
2021-03-29,7.34,9.2,10.35,181.3,66,0.05086363636363637,0.11663636363636365,0.8325151515151513,0.09168333333333334,33,0.050818181818181804,0.15509090909090906,0.7939999999999998,0.7915242424242424,5.0,0.0,0.08199999999999999,0.918,0.16576,7.0,0.06171428571428573,0.12328571428571428,0.814857142857143,0.7607999999999999,5.0,0.0484,0.2438,0.7078,0.2998,1.0,0.057,0.152,0.7909999999999999,0.9988,2.0,0.0,0.1295,0.8705,0.1366,4.0,0.03675,0.09875,0.86425,0.9772,,,,,,,,,,
2021-03-30,7.19,9.34,10.35,194.46,101,0.0723960396039604,0.1353663366336634,0.7922277227722769,0.07055841584158419,34,0.055999999999999994,0.14570588235294116,0.7983823529411768,0.5691882352941177,8.0,0.06974999999999999,0.15325000000000005,0.7768750000000001,0.1340375,5.0,0.0666,0.0938,0.8398,0.3679,1.0,0.0,0.41200000000000003,0.588,0.2732,1.0,0.054000000000000006,0.094,0.853,0.9979,3.0,0.22033333333333333,0.15666666666666665,0.623,-0.021399999999999992,1.0,0.051,0.132,0.8170000000000001,0.9168,,,,,,,,,,
2021-03-31,7.56,8.43,10.21,189.82,84,0.06363095238095237,0.1134642857142857,0.8229047619047621,0.05734285714285714,28,0.04682142857142856,0.12571428571428575,0.8274642857142858,0.5513642857142856,5.0,0.0,0.09699999999999999,0.903,0.26138,5.0,0.076,0.1224,0.8016,0.5117,1.0,0.0,0.483,0.517,0.4215,2.0,0.0475,0.14800000000000002,0.8045,0.9904,9.0,0.084,0.09044444444444444,0.8255555555555555,0.04229999999999999,1.0,0.028999999999999998,0.105,0.865,0.9840000000000001,,,,,,,,,,
2021-04-01,7.38,8.6,9.36,191.45,138,0.042833333333333334,0.13690579710144926,0.8202971014492753,0.11016666666666663,51,0.046862745098039206,0.13176470588235295,0.8213529411764706,0.618286274509804,11.0,0.05809090909090909,0.05863636363636364,0.8832727272727273,-0.03993636363636363,11.0,0.041363636363636366,0.12145454545454545,0.8370000000000001,0.9826909090909092,,,,,,2.0,0.05,0.1225,0.8270000000000001,0.9907,11.0,0.15627272727272726,0.13509090909090912,0.7086363636363636,-0.08217272727272723,2.0,0.0275,0.138,0.8345,0.98125,,,,,,,,,,
2021-04-05,7.5,9.3,10.61,186.95,38,0.012315789473684209,0.11818421052631578,0.8694999999999999,0.2545105263157894,21,0.03747619047619048,0.1374761904761905,0.8251428571428571,0.7879380952380951,5.0,0.0,0.0436,0.9564,0.1721,6.0,0.04,0.0765,0.8835000000000001,0.6037166666666667,,,,,,1.0,0.067,0.125,0.8079999999999999,0.9828,,,,,,,,,,,,,,,,,,,,
2021-04-06,7.61,8.99,10.2,184.5,78,0.031192307692307686,0.12921794871794867,0.8396025641025642,0.1403769230769231,25,0.04788000000000001,0.14932,0.80292,0.67452,6.0,0.013333333333333334,0.106,0.8806666666666666,0.17415000000000005,5.0,0.0454,0.114,0.8404,0.6120399999999999,3.0,0.10066666666666667,0.17900000000000002,0.7203333333333334,0.1155,1.0,0.083,0.075,0.8420000000000001,-0.7662,2.0,0.037000000000000005,0.32399999999999995,0.639,0.50005,,,,,,,,,,,,,,,
2021-04-07,7.35,8.91,9.85,177.97,66,0.03731818181818181,0.16036363636363632,0.8023030303030303,0.13086060606060604,23,0.06447826086956522,0.1643913043478261,0.7713043478260869,0.6475521739130435,7.0,0.042571428571428566,0.15557142857142855,0.8018571428571429,0.1563857142857143,7.0,0.06171428571428573,0.11442857142857142,0.8241428571428572,0.6780857142857143,,,,,,1.0,0.042,0.124,0.8340000000000001,0.9994,5.0,0.0,0.1138,0.8862,0.20272,1.0,0.040999999999999995,0.095,0.8640000000000001,0.9982,,,,,,,,,,
2021-04-08,8.85,9.44,9.79,170.26,71,0.040619718309859165,0.1284929577464789,0.8309014084507041,0.1224732394366197,22,0.039545454545454536,0.15300000000000002,0.8075454545454547,0.7068045454545455,6.0,0.0,0.07383333333333335,0.9261666666666668,0.2116333333333333,3.0,0.035333333333333335,0.10400000000000001,0.8606666666666666,0.6623666666666667,1.0,0.0,0.29600000000000004,0.7040000000000001,0.2732,,,,,,,,,,,,,,,,,,,,,,,,,
2021-04-09,8.21,9.13,9.42,158.36,107,0.05588785046728972,0.1218504672897196,0.8222710280373828,0.1034542056074766,37,0.047243243243243256,0.13621621621621624,0.8165945945945946,0.5867378378378377,19.0,0.06573684210526315,0.11452631578947367,0.8197368421052631,0.10301052631578947,5.0,0.06420000000000001,0.1174,0.8188000000000001,0.6059399999999999,1.0,0.0,0.355,0.645,0.5106,1.0,0.012,0.18100000000000002,0.807,0.9783,3.0,0.07200000000000001,0.107,0.8210000000000001,0.13146666666666668,1.0,0.07200000000000001,0.09699999999999999,0.831,0.9783,,,,,,,,,,
2021-04-12,7.82,9.03,8.62,141.09,46,0.0438695652173913,0.1241304347826087,0.8320217391304346,0.13693695652173912,20,0.05205,0.15595000000000006,0.792,0.5988749999999999,7.0,0.10942857142857143,0.07471428571428572,0.8159999999999998,0.025485714285714296,4.0,0.0255,0.07125000000000001,0.90325,0.7307250000000001,3.0,0.08633333333333333,0.11466666666666665,0.799,-0.07356666666666667,1.0,0.077,0.16399999999999998,0.759,0.9924,2.0,0.0,0.162,0.8380000000000001,0.29295,1.0,0.069,0.11199999999999999,0.818,0.9956,,,,,,,,,,
2021-04-13,7.81,9.1,8.84,140.99,105,0.09234285714285713,0.14077142857142852,0.7668571428571428,0.06007142857142859,29,0.0503448275862069,0.16824137931034475,0.7813793103448274,0.635293103448276,11.0,0.10954545454545453,0.14063636363636364,0.749909090909091,0.03740000000000001,4.0,0.04725,0.121,0.8320000000000001,0.934475,5.0,0.091,0.1688,0.7402,0.12716000000000002,3.0,0.03,0.13333333333333333,0.8366666666666666,0.9010666666666666,2.0,0.0,0.09,0.91,0.14800000000000002,,,,,,,,,,,,,,,
2021-04-14,7.42,9.0,9.35,166.53,122,0.05180327868852458,0.18688524590163946,0.7613524590163935,0.17096967213114758,39,0.04997435897435898,0.133948717948718,0.8161794871794871,0.5598282051282052,14.0,0.06657142857142857,0.1365714285714286,0.7968571428571429,0.11317142857142858,8.0,0.054875000000000014,0.09525,0.850125,0.5625500000000001,3.0,0.125,0.3116666666666667,0.5633333333333334,0.2131333333333334,1.0,0.062,0.131,0.807,0.9997,2.0,0.022000000000000002,0.2715,0.7070000000000001,0.58345,,,,,,,,,,,,,,,
2021-04-15,7.35,8.77,9.9,156.44,83,0.055192771084337344,0.14066265060240968,0.8041445783132531,0.11554819277108434,24,0.043583333333333335,0.18433333333333332,0.7722083333333334,0.6708708333333333,9.0,0.016222222222222218,0.1987777777777778,0.785,0.17078888888888888,3.0,0.06833333333333334,0.10866666666666663,0.8233333333333334,0.3043666666666666,4.0,0.114,0.11775,0.768,0.034349999999999985,1.0,0.07,0.126,0.804,0.9835,,,,,,,,,,,,,,,,,,,,
2021-04-16,8.82,8.7,9.33,154.69,79,0.04767088607594937,0.15710126582278486,0.7952278481012658,0.1713316455696202,27,0.048185185185185185,0.1617407407407407,0.7901851851851853,0.6180851851851851,8.0,0.108375,0.187875,0.70375,0.220575,4.0,0.054000000000000006,0.19475,0.7509999999999999,0.5434,4.0,0.0,0.1725,0.8275,0.233225,2.0,0.0535,0.12,0.8260000000000001,0.97615,,,,,,,,,,,,,,,,,,,,
2021-04-19,9.67,8.62,9.66,164.37,23,0.08004347826086956,0.08556521739130436,0.8343913043478262,-0.03295652173913043,17,0.05676470588235295,0.15252941176470586,0.7906470588235294,0.6527647058823529,1.0,0.0,0.231,0.769,0.2023,3.0,0.057,0.11966666666666664,0.8233333333333333,0.9502,,,,,,2.0,0.0665,0.1055,0.8280000000000001,0.92755,1.0,0.0,0.0,1.0,0.0,,,,,,2.0,0.375,0.172,0.45299999999999996,-0.2226,2.0,0.0785,0.1405,0.7805,0.9931
2021-04-20,8.62,8.21,9.28,158.53,67,0.07350746268656716,0.14244776119402985,0.7840447761194028,0.03820597014925373,25,0.05844000000000001,0.12412,0.8174399999999999,0.552232,2.0,0.2075,0.19,0.603,0.05115,3.0,0.11733333333333333,0.10499999999999997,0.7776666666666667,-0.307,1.0,0.0,0.0,1.0,0.0,,,,,,3.0,0.06666666666666668,0.062,0.8716666666666666,0.020866666666666662,1.0,0.086,0.163,0.7509999999999999,0.9887,11.0,0.005727272727272728,0.21763636363636368,0.7766363636363637,0.2484272727272727,2.0,0.0625,0.1035,0.8340000000000001,0.8386499999999999
2021-04-21,9.05,8.66,9.78,158.51,69,0.06515942028985508,0.17447826086956525,0.7603623188405798,0.11153623188405798,21,0.051238095238095235,0.10976190476190477,0.8391428571428572,0.4378142857142856,5.0,0.0302,0.2214,0.7484,0.14338,1.0,0.057,0.175,0.768,0.9987,1.0,0.0,0.174,0.826,0.2732,1.0,0.0,0.083,0.917,0.7964,1.0,0.306,0.0,0.6940000000000001,-0.29600000000000004,1.0,0.065,0.162,0.773,0.9827,5.0,0.06520000000000001,0.1564,0.7784000000000001,0.1844,2.0,0.0285,0.129,0.8425,0.8975500000000001
2021-04-22,8.5,8.64,9.99,151.17,58,0.027465517241379314,0.1948448275862069,0.7777068965517241,0.15895689655172418,13,0.04430769230769231,0.16461538461538466,0.7911538461538462,0.5526076923076924,2.0,0.0,0.0,1.0,0.0,,,,,,,,,,,1.0,0.037000000000000005,0.21600000000000003,0.747,0.9997,1.0,0.0,0.28600000000000003,0.7140000000000001,0.1531,1.0,0.031,0.077,0.892,0.9246,1.0,0.11,0.221,0.669,0.6494,,,,,
2021-04-23,8.77,8.85,10.16,151.18,46,0.04265217391304348,0.12369565217391305,0.8336304347826089,0.10672608695652176,19,0.039947368421052634,0.1568421052631579,0.8032631578947369,0.9064631578947367,1.0,0.223,0.0,0.777,-0.5334,2.0,0.043,0.1195,0.8375,0.98995,2.0,0.031,0.2345,0.7344999999999999,0.3568,,,,,,1.0,0.0,0.255,0.745,0.34,1.0,0.028999999999999998,0.026000000000000002,0.9440000000000001,-0.2023,,,,,,,,,,
2021-04-26,9.22,9.09,11.5,168.93,25,0.028480000000000002,0.1274,0.8441600000000001,0.10214,13,0.05692307692307692,0.16623076923076927,0.7773846153846153,0.6616538461538463,,,,,,3.0,0.05999999999999999,0.14800000000000002,0.7920000000000001,0.8873333333333333,,,,,,,,,,,1.0,0.0,0.512,0.488,0.4939,1.0,0.019,0.156,0.826,0.9995,1.0,0.0,0.0,1.0,0.0,,,,,
2021-04-27,9.24,9.29,11.46,177.77,112,0.03744642857142857,0.16408928571428574,0.7984642857142855,0.16369910714285713,34,0.042264705882352926,0.1151470588235294,0.8426764705882351,0.7064058823529411,14.0,0.03707142857142857,0.06235714285714285,0.9005714285714285,0.07221428571428573,9.0,0.05411111111111112,0.07422222222222223,0.8717777777777779,0.4197777777777778,2.0,0.0,0.0,1.0,0.0,2.0,0.0325,0.0815,0.8865,0.22790000000000005,,,,,,,,,,,3.0,0.0,0.111,0.8889999999999999,0.15293333333333334,1.0,0.062,0.08900000000000001,0.8490000000000001,0.9271
2021-04-28,10.5,9.3,10.85,178.58,84,0.034595238095238096,0.14536904761904762,0.8200476190476192,0.13896071428571424,31,0.0472258064516129,0.13548387096774198,0.8172580645161291,0.6580161290322583,3.0,0.10066666666666667,0.06533333333333334,0.8340000000000001,-0.0286,3.0,0.06999999999999999,0.15366666666666667,0.7763333333333332,0.9643,2.0,0.0,0.0725,0.9275,0.14800000000000002,3.0,0.08600000000000001,0.16533333333333333,0.7486666666666667,0.9105666666666666,1.0,0.0,0.0,1.0,0.0,1.0,0.102,0.192,0.706,0.9768,6.0,0.02583333333333333,0.1315,0.8426666666666667,0.12301666666666665,4.0,0.0555,0.152,0.79225,0.968925
2021-04-29,10.17,9.06,10.2,176.19,93,0.029000000000000005,0.14167741935483874,0.8293225806451615,0.15744408602150534,33,0.04863636363636364,0.1293939393939394,0.8220606060606062,0.6517121212121212,4.0,0.0,0.04625,0.95375,0.0903,2.0,0.0665,0.136,0.7975000000000001,0.9946,2.0,0.0,0.15,0.85,0.2294,1.0,0.057,0.131,0.812,0.9897,2.0,0.14300000000000002,0.256,0.601,0.060049999999999985,1.0,0.0,0.064,0.9359999999999999,0.7184,10.0,0.0815,0.1742,0.7443,0.03558,1.0,0.024,0.022000000000000002,0.9540000000000001,0.5859
2021-04-30,9.85,8.83,10.03,173.59,48,0.04122916666666667,0.13541666666666666,0.8233333333333334,0.09811875,17,0.047294117647058834,0.1582352941176471,0.7943529411764707,0.8684647058823528,2.0,0.0935,0.14300000000000002,0.7635,0.15935000000000002,1.0,0.047,0.083,0.87,0.9869,,,,,,1.0,0.047,0.083,0.87,0.9869,1.0,0.27399999999999997,0.134,0.591,-0.3818,,,,,,5.0,0.07060000000000001,0.13599999999999998,0.7934,0.03575999999999998,1.0,0.047,0.083,0.87,0.9869
2021-05-05,8.84,8.22,9.17,159.48,42,0.03047619047619048,0.16338095238095238,0.8061190476190476,0.16191428571428573,11,0.037909090909090906,0.13663636363636367,0.8252727272727273,0.8619727272727272,,,,,,,,,,,1.0,0.0,0.574,0.426,0.91,1.0,0.0,0.062,0.938,0.7184,,,,,,1.0,0.06,0.09,0.85,0.9907,3.0,0.0,0.158,0.8420000000000001,0.2378666666666667,,,,,
2021-05-06,8.23,8.15,9.0,161.01,161,0.05826086956521739,0.1051552795031056,0.836577639751553,0.07143664596273293,58,0.04770689655172414,0.11846551724137935,0.8337931034482756,0.5977258620689654,8.0,0.048,0.166875,0.785125,0.1263375,7.0,0.07471428571428572,0.13085714285714287,0.7944285714285716,0.3743428571428571,2.0,0.0,0.0,1.0,0.0,2.0,0.0225,0.1115,0.8660000000000001,0.8591500000000001,2.0,0.0,0.14800000000000002,0.852,0.1366,2.0,0.0565,0.1925,0.7509999999999999,0.6945,4.0,0.02425,0.19399999999999998,0.78175,0.3591,3.0,0.06566666666666666,0.13566666666666669,0.799,0.9598666666666666
2021-05-07,8.62,8.48,9.51,161.11,180,0.08569444444444446,0.10327222222222224,0.8110333333333336,0.0402638888888889,71,0.06205633802816901,0.12974647887323945,0.8082253521126761,0.5584211267605634,14.0,0.07585714285714285,0.16042857142857142,0.7638571428571428,0.2099,17.0,0.06823529411764706,0.11776470588235292,0.8138235294117646,0.4804176470588235,3.0,0.0,0.259,0.741,0.4373,7.0,0.051857142857142866,0.10257142857142856,0.8455714285714286,0.5707142857142856,5.0,0.0494,0.1286,0.8218,0.22806,4.0,0.08074999999999999,0.10975,0.8095,0.23445,2.0,0.0,0.239,0.7609999999999999,0.33525,,,,,
2021-05-10,8.26,8.13,9.74,143.22,61,0.043672131147540975,0.10531147540983606,0.8509999999999999,0.079955737704918,29,0.04744827586206896,0.141,0.811689655172414,0.5679310344827586,4.0,0.0205,0.02375,0.9555,-0.032,6.0,0.037333333333333336,0.13266666666666668,0.8301666666666666,0.8759333333333333,2.0,0.0,0.077,0.9229999999999999,0.125,2.0,0.0565,0.10099999999999999,0.8425,0.6376999999999999,,,,,,1.0,0.0,0.013000000000000001,0.987,0.29600000000000004,2.0,0.0,0.067,0.9329999999999999,0.0703,2.0,0.028999999999999998,0.1325,0.8390000000000001,0.99655
2021-05-11,8.13,8.3,10.05,146.92,119,0.049966386554621864,0.12657983193277308,0.8234369747899158,0.10046806722689076,43,0.055604651162790696,0.11939534883720927,0.8250465116279065,0.5657790697674419,3.0,0.0,0.2866666666666667,0.7133333333333334,0.4204666666666667,2.0,0.0555,0.135,0.81,0.98545,1.0,0.0,0.5,0.5,0.4588,,,,,,,,,,,1.0,0.085,0.13699999999999998,0.779,0.9447,,,,,,,,,,
2021-05-12,7.78,7.95,10.32,144.79,92,0.05125000000000001,0.11752173913043475,0.8312282608695655,0.0929586956521739,43,0.05486046511627908,0.1210930232558139,0.8240930232558139,0.5201232558139535,5.0,0.019,0.0592,0.9218,-0.004559999999999997,3.0,0.039,0.10766666666666667,0.8533333333333334,0.9053666666666668,2.0,0.0,0.0855,0.9145,0.28595,4.0,0.03575,0.08299999999999999,0.8809999999999999,0.75695,1.0,0.355,0.364,0.28,-0.2263,2.0,0.066,0.1435,0.7909999999999999,0.6391,2.0,0.0,0.17600000000000002,0.8240000000000001,0.29295,3.0,0.02733333333333333,0.12766666666666668,0.8450000000000001,0.9597
2021-05-13,7.26,7.94,12.77,164.5,104,0.056471153846153865,0.10748076923076924,0.8360480769230769,0.10573365384615388,48,0.07114583333333335,0.11422916666666665,0.8146874999999998,0.3216479166666667,3.0,0.14166666666666666,0.066,0.7923333333333332,0.021666666666666685,2.0,0.053000000000000005,0.11,0.8375,0.99065,2.0,0.0,0.3375,0.6625,0.47185,1.0,0.098,0.069,0.833,-0.9431,,,,,,,,,,,2.0,0.0,0.0,1.0,0.0,,,,,
2021-05-14,7.47,8.44,12.98,159.92,114,0.059359649122807036,0.11744736842105262,0.8231842105263157,0.0983701754385965,45,0.061977777777777784,0.1378,0.8002666666666667,0.5723177777777777,6.0,0.027166666666666662,0.09283333333333332,0.88,0.2943166666666666,9.0,0.08488888888888889,0.1322222222222222,0.7828888888888889,0.4719444444444444,4.0,0.026000000000000002,0.2165,0.7575000000000001,0.43885,6.0,0.07516666666666667,0.14633333333333334,0.7783333333333333,0.65465,2.0,0.0,0.063,0.937,0.0386,1.0,0.0,0.111,0.889,0.8689,3.0,0.0,0.0,1.0,0.0,3.0,0.04833333333333333,0.16366666666666665,0.7879999999999999,0.7311
2021-05-17,6.82,8.49,13.95,180.6,28,0.0655,0.08814285714285712,0.8463571428571429,-0.0008821428571428539,12,0.0595,0.17108333333333334,0.7694166666666667,0.6372416666666666,,,,,,2.0,0.1055,0.113,0.7815000000000001,-0.003349999999999964,,,,,,1.0,0.07200000000000001,0.12,0.8079999999999999,0.9887,,,,,,,,,,,,,,,,,,,,
2021-05-18,6.97,8.77,14.03,180.67,73,0.03304109589041097,0.12130136986301372,0.8456438356164383,0.09703561643835618,29,0.04855172413793104,0.13579310344827586,0.815689655172414,0.7802758620689653,5.0,0.0446,0.0592,0.8962,0.07443999999999999,3.0,0.07833333333333332,0.112,0.8096666666666668,0.9729666666666666,4.0,0.08375,0.04675,0.8695000000000002,-0.036349999999999986,3.0,0.08700000000000001,0.10800000000000001,0.805,0.7942333333333332,1.0,0.0,0.0,1.0,0.0,1.0,0.044000000000000004,0.08,0.875,0.1045,1.0,0.42,0.0,0.58,-0.4404,,,,,
2021-05-19,6.84,8.54,12.64,168.83,49,0.03404081632653062,0.13220408163265304,0.8337551020408163,0.14771020408163268,22,0.049318181818181824,0.12227272727272726,0.8284999999999999,0.3835227272727273,3.0,0.028666666666666663,0.15933333333333333,0.8119999999999999,0.15079999999999996,3.0,0.063,0.145,0.7919999999999999,0.4031,5.0,0.0184,0.0918,0.8897999999999999,0.23085999999999998,1.0,0.025,0.14300000000000002,0.8320000000000001,0.9781,1.0,0.0,0.0,1.0,0.0,,,,,,,,,,,,,,,
2021-05-20,7.13,8.78,12.55,170.49,71,0.07156338028169014,0.10101408450704223,0.8274084507042254,0.047952112676056334,34,0.053294117647058825,0.13055882352941178,0.8162352941176472,0.5510617647058824,,,,,,2.0,0.0695,0.087,0.8434999999999999,0.021799999999999986,3.0,0.062333333333333324,0.095,0.8423333333333334,0.08036666666666667,2.0,0.0475,0.0755,0.877,0.19399999999999998,,,,,,,,,,,1.0,0.0,0.38799999999999996,0.612,0.5859,1.0,0.096,0.055,0.8490000000000001,-0.9503
2021-05-21,6.93,8.52,12.08,176.79,77,0.05705194805194805,0.13124675324675322,0.7987142857142856,0.08464545454545455,33,0.04803030303030302,0.12727272727272726,0.8247575757575758,0.6548333333333334,1.0,0.0,0.0,1.0,0.0,,,,,,2.0,0.0,0.1315,0.8685,0.1806,,,,,,2.0,0.0,0.0475,0.9525,0.125,1.0,0.037000000000000005,0.136,0.8270000000000001,0.9578,,,,,,,,,,
2021-05-24,6.92,8.62,13.68,180.01,39,0.05684615384615385,0.08443589743589744,0.8587179487179486,0.007764102564102569,23,0.05930434782608698,0.1512608695652174,0.7897826086956521,0.6044739130434783,1.0,0.0,0.11,0.89,0.2732,5.0,0.091,0.1332,0.7761999999999999,0.32211999999999996,,,,,,1.0,0.044000000000000004,0.109,0.848,0.9862,,,,,,,,,,,,,,,,,,,,
2021-05-25,7.02,8.59,16.41,209.43,89,0.051314606741573024,0.14875280898876406,0.7999325842696627,0.10360224719101124,32,0.04378125,0.13015625,0.8261562500000001,0.582309375,1.0,0.344,0.0,0.6559999999999999,-0.743,1.0,0.07400000000000001,0.071,0.855,-0.3222,1.0,0.298,0.0,0.7020000000000001,-0.5267,1.0,0.07400000000000001,0.071,0.855,-0.3222,3.0,0.0,0.0,1.0,0.0,1.0,0.071,0.161,0.768,0.9987,2.0,0.0,0.134,0.866,0.14800000000000002,,,,,
2021-05-26,7.33,9.44,19.56,242.56,91,0.03496703296703296,0.10323076923076924,0.8618021978021979,0.07053076923076923,29,0.057999999999999996,0.11634482758620693,0.8258275862068964,0.3796586206896552,12.0,0.06308333333333334,0.04766666666666666,0.88925,-0.0901083333333333,3.0,0.07966666666666668,0.09600000000000003,0.8243333333333333,-0.11363333333333332,9.0,0.044333333333333336,0.29244444444444445,0.6633333333333333,0.3641555555555555,1.0,0.059000000000000004,0.08,0.861,0.5925,4.0,0.0,0.0,1.0,0.0,1.0,0.045,0.11800000000000001,0.8370000000000001,0.9958,,,,,,,,,,
2021-05-27,7.83,9.97,26.52,254.13,130,0.03758461538461538,0.15494615384615387,0.8074692307692307,0.1535538461538461,39,0.05328205128205128,0.13474358974358974,0.8119999999999999,0.6656282051282053,14.0,0.057857142857142864,0.10928571428571428,0.8328571428571429,0.2023214285714286,4.0,0.05425,0.13225,0.8135,0.933425,11.0,0.09163636363636364,0.124,0.7843636363636364,0.04374545454545455,5.0,0.0548,0.1338,0.8114000000000001,0.94656,5.0,0.0,0.203,0.797,0.36866,2.0,0.039,0.1005,0.8605,0.88625,,,,,,,,,,
2021-05-28,7.64,10.07,26.12,222.0,171,0.04770175438596491,0.14432163742690066,0.8079766081871345,0.1410204678362573,39,0.04438461538461538,0.13241025641025642,0.8234102564102562,0.6920307692307693,8.0,0.04775,0.05125,0.900875,0.0422,3.0,0.06866666666666668,0.11966666666666664,0.8119999999999999,0.3457666666666667,32.0,0.02353125,0.15650000000000006,0.8199687499999998,0.24156875,7.0,0.04171428571428572,0.10942857142857143,0.8490000000000001,0.5770285714285716,9.0,0.02333333333333333,0.1668888888888889,0.8096666666666666,0.21936666666666665,2.0,0.0455,0.107,0.8475,0.53825,,,,,,,,,,
2021-06-01,7.73,11.56,32.04,249.02,34,0.02597058823529412,0.09491176470588236,0.8791176470588234,0.08844705882352942,16,0.0488125,0.16081249999999994,0.7905,0.63433125,,,,,,2.0,0.08199999999999999,0.1,0.8180000000000001,0.21565,3.0,0.0,0.482,0.5179999999999999,0.5089333333333333,2.0,0.0655,0.0875,0.847,0.5969,2.0,0.134,0.0,0.866,-0.0129,1.0,0.095,0.153,0.752,0.9866,,,,,,,,,,
2021-06-10,14.34,13.89,42.81,220.39,210,0.04179047619047619,0.15359047619047622,0.8046142857142861,0.15381428571428574,82,0.04663414634146343,0.1280609756097561,0.8252560975609753,0.5743548780487806,12.0,0.010666666666666666,0.09891666666666668,0.8903333333333334,0.170525,23.0,0.0403913043478261,0.12308695652173912,0.8364347826086956,0.5390695652173911,4.0,0.0,0.16075,0.83925,0.270675,17.0,0.035529411764705886,0.13147058823529414,0.8329411764705883,0.8537529411764706,9.0,0.02988888888888889,0.12300000000000001,0.8471111111111111,0.1951,11.0,0.033,0.13281818181818186,0.8342727272727273,0.5377090909090909,20.0,0.0622,0.12085,0.8169000000000001,0.10786999999999994,12.0,0.03225,0.13425,0.8334166666666668,0.7844083333333334
2021-06-11,15.03,14.18,49.4,233.34,367,0.047065395095367855,0.17023705722070834,0.7799645776566763,0.15210899182561316,124,0.0493548387096774,0.12842741935483862,0.8221935483870966,0.6061508064516127,13.0,0.040153846153846165,0.14515384615384616,0.8146923076923076,0.22479230769230768,18.0,0.06444444444444446,0.11138888888888887,0.8242777777777779,0.5382666666666668,23.0,0.07534782608695652,0.13656521739130434,0.7880869565217392,0.2026217391304348,18.0,0.052388888888888895,0.14077777777777778,0.8067777777777777,0.6732777777777778,20.0,0.0415,0.14755,0.8109500000000001,0.13373,9.0,0.03844444444444445,0.14788888888888888,0.8137777777777778,0.7463444444444445,21.0,0.047,0.24242857142857144,0.7105714285714286,0.3022714285714286,8.0,0.051125,0.15125000000000002,0.797625,0.464475
2021-06-15,13.77,13.99,59.04,222.5,92,0.035543478260869565,0.18168478260869567,0.7718913043478256,0.1883076086956521,42,0.048333333333333325,0.15602380952380954,0.7954999999999999,0.7620666666666668,1.0,0.0,0.213,0.787,0.4019,5.0,0.0664,0.13940000000000002,0.7939999999999999,0.7742,4.0,0.02625,0.1275,0.84625,0.155275,5.0,0.0664,0.13940000000000002,0.7939999999999999,0.7742,4.0,0.0,0.262,0.738,0.500775,2.0,0.052500000000000005,0.1555,0.7915,0.97465,2.0,0.0,0.308,0.6920000000000001,0.4019,3.0,0.05833333333333333,0.15333333333333335,0.7876666666666666,0.9807666666666668
2021-06-16,12.95,12.88,55.18,222.97,194,0.04714948453608248,0.18738659793814424,0.7654639175257734,0.16219123711340197,79,0.04901265822784808,0.1365822784810127,0.8144050632911389,0.7196620253164556,5.0,0.0,0.1124,0.8876000000000002,0.14401999999999998,10.0,0.0543,0.14239999999999994,0.8035,0.90597,15.0,0.0,0.19013333333333327,0.8098666666666666,0.2596066666666667,6.0,0.04566666666666666,0.16066666666666668,0.7938333333333333,0.9385833333333332,4.0,0.0,0.205,0.795,0.357175,3.0,0.054000000000000006,0.095,0.851,0.8154333333333333,9.0,0.023444444444444445,0.034333333333333334,0.9422222222222224,0.04465555555555555,4.0,0.06675,0.0815,0.85175,0.095075
2021-06-17,12.56,13.51,60.73,223.59,169,0.05416568047337278,0.18092899408284024,0.7649112426035498,0.15125857988165678,80,0.052425,0.12379999999999998,0.8238,0.6472750000000002,4.0,0.0365,0.3265,0.637,0.205075,6.0,0.067,0.11233333333333333,0.8206666666666665,0.6407333333333333,10.0,0.0402,0.1488,0.8109999999999999,0.21944,10.0,0.0619,0.12520000000000006,0.8128,0.76881,4.0,0.16925,0.126,0.70475,0.04217500000000002,4.0,0.048500000000000015,0.10524999999999997,0.846,0.773275,3.0,0.22366666666666668,0.054000000000000006,0.7223333333333334,-0.07343333333333334,3.0,0.058666666666666666,0.11366666666666665,0.828,0.314
2021-06-18,12.04,12.9,59.26,213.82,172,0.03359302325581395,0.18079651162790697,0.7856046511627905,0.1847156976744186,73,0.05464383561643835,0.14780821917808218,0.7976164383561644,0.7180999999999998,3.0,0.0,0.15266666666666664,0.8473333333333333,0.22503333333333334,4.0,0.04275,0.1235,0.8342499999999999,0.934425,15.0,0.006533333333333335,0.12246666666666665,0.871,0.20417333333333332,5.0,0.0458,0.12300000000000001,0.8318,0.9315399999999999,9.0,0.034888888888888886,0.30966666666666665,0.6554444444444445,0.29498888888888897,3.0,0.077,0.09833333333333334,0.8253333333333334,0.3782666666666666,3.0,0.03233333333333333,0.116,0.8516666666666667,0.22503333333333334,2.0,0.069,0.1375,0.794,0.91745
2021-06-21,11.24,12.8,55.69,200.37,60,0.0515,0.08211666666666667,0.8663833333333334,0.051846666666666666,33,0.05706060606060605,0.1368484848484849,0.806121212121212,0.5472242424242424,2.0,0.0,0.0,1.0,0.0,6.0,0.07433333333333332,0.1465,0.7791666666666667,0.6794500000000001,4.0,0.0,0.138,0.862,0.3275,6.0,0.062,0.11266666666666665,0.8253333333333334,0.5854666666666666,4.0,0.0,0.05475,0.94525,0.105375,2.0,0.0765,0.0955,0.8280000000000001,-0.13105,,,,,,2.0,0.066,0.1335,0.8005,0.9944
2021-06-22,12.63,13.41,58.27,220.4,150,0.046466666666666684,0.16825333333333334,0.7852666666666667,0.13406666666666667,75,0.049559999999999986,0.1444266666666667,0.8061066666666666,0.7284799999999999,5.0,0.047,0.1114,0.8413999999999999,0.1291,6.0,0.05350000000000001,0.12333333333333332,0.8231666666666667,0.6433,6.0,0.0,0.235,0.765,0.33,5.0,0.0536,0.154,0.7924,0.8353200000000001,7.0,0.02871428571428572,0.2552857142857143,0.7158571428571429,0.2857571428571429,7.0,0.06985714285714285,0.10628571428571428,0.823857142857143,0.4324,9.0,0.029111111111111112,0.2513333333333333,0.7195555555555555,0.1828,6.0,0.0415,0.16033333333333333,0.7981666666666666,0.9229499999999998
2021-06-23,13.83,13.14,58.3,219.34,178,0.058668539325842685,0.18937640449438195,0.7519719101123594,0.1555129213483146,79,0.05153164556962025,0.12874683544303794,0.8198227848101263,0.621679746835443,4.0,0.0,0.35950000000000004,0.6405,0.4267,5.0,0.0502,0.1004,0.8493999999999999,0.34096000000000004,4.0,0.0,0.06925,0.93075,0.119775,7.0,0.05028571428571428,0.10099999999999999,0.8487142857142859,0.5148,6.0,0.07200000000000001,0.027000000000000003,0.901,-0.03066666666666666,3.0,0.017,0.12,0.863,0.8889333333333332,9.0,0.03744444444444445,0.19544444444444445,0.7671111111111112,0.1706888888888889,3.0,0.04133333333333333,0.107,0.8516666666666666,0.9492333333333334
2021-06-24,13.79,12.68,56.7,212.31,165,0.04464848484848485,0.19445454545454546,0.7608848484848484,0.18353575757575766,80,0.05264999999999999,0.12308750000000004,0.8243249999999998,0.5798675,4.0,0.0845,0.12275,0.79275,0.02780000000000002,5.0,0.0452,0.114,0.8408,0.38168,2.0,0.0,0.2155,0.7845,0.4019,5.0,0.038,0.11800000000000001,0.8442000000000001,0.80288,10.0,0.029700000000000008,0.1107,0.8595999999999998,0.13245,5.0,0.0382,0.146,0.8154,0.53766,13.0,0.05676923076923076,0.2361538461538461,0.7070000000000001,0.2382307692307693,3.0,0.033,0.10566666666666667,0.8613333333333332,0.9327
2021-06-25,12.97,12.12,54.06,209.51,134,0.04349253731343283,0.16623880597014928,0.7902686567164177,0.16099104477611936,71,0.04718309859154928,0.1259577464788732,0.8268450704225353,0.6189647887323945,3.0,0.0,0.124,0.8759999999999999,0.27446666666666664,4.0,0.05,0.1265,0.82325,0.8683000000000001,5.0,0.0,0.0506,0.9494,0.16846,2.0,0.04,0.16049999999999998,0.799,0.9813,6.0,0.005333333333333333,0.051166666666666666,0.9435,0.18211666666666668,5.0,0.0344,0.12799999999999995,0.8374,0.9267800000000002,4.0,0.0,0.337,0.6629999999999999,0.29642500000000005,2.0,0.04,0.16049999999999998,0.799,0.9813
2021-06-28,12.8,12.8,58.11,213.25,5,0.0,0.241,0.759,0.3202,4,0.03775,0.18925,0.7735,0.993075,,,,,,,,,,,,,,,,,,,,,,,,,,,,,,,,,,,,,,,,
2021-06-29,13.36,12.24,56.43,210.88,222,0.048752252252252236,0.186018018018018,0.76522972972973,0.1546612612612612,93,0.049903225806451616,0.1374408602150537,0.8126236559139788,0.6471204301075268,4.0,0.102,0.2735,0.6245,0.30825,6.0,0.03616666666666666,0.14133333333333334,0.8221666666666666,0.6841499999999999,9.0,0.06822222222222223,0.1487777777777778,0.7829999999999999,0.13914444444444446,6.0,0.0395,0.152,0.8081666666666666,0.7098333333333332,7.0,0.02342857142857143,0.16114285714285714,0.8154285714285715,0.3055,4.0,0.02925,0.1725,0.7979999999999999,0.97175,3.0,0.0,0.26166666666666666,0.7383333333333333,0.3785,3.0,0.03166666666666667,0.17166666666666666,0.7963333333333334,0.9760666666666666
2021-06-30,13.32,12.22,56.68,214.14,50,0.056920000000000005,0.15202000000000002,0.7910600000000002,0.09032,25,0.04656,0.14039999999999994,0.8130399999999998,0.5515239999999999,2.0,0.0,0.16799999999999998,0.8320000000000001,0.3777,3.0,0.02,0.11166666666666664,0.8683333333333332,0.8038333333333334,1.0,0.0,0.153,0.847,0.4019,1.0,0.0,0.16699999999999998,0.833,0.9607,3.0,0.06,0.14,0.8000000000000002,0.12583333333333332,2.0,0.013000000000000001,0.1355,0.8514999999999999,0.9564,3.0,0.0,0.124,0.8759999999999999,0.27446666666666664,1.0,0.0,0.16699999999999998,0.833,0.9607
2021-07-01,12.33,12.17,54.22,204.36,150,0.04736,0.16091333333333332,0.7917266666666662,0.137146,55,0.051872727272727265,0.14020000000000002,0.8079272727272725,0.5738181818181819,1.0,0.0,0.162,0.838,0.4019,4.0,0.04275,0.14925,0.8077500000000001,0.9613,3.0,0.0,0.19200000000000006,0.8079999999999999,0.4212666666666666,4.0,0.038,0.14275,0.8190000000000001,0.9605,,,,,,4.0,0.09275,0.1505,0.75675,0.4823500000000001,3.0,0.0,0.127,0.8730000000000001,0.27446666666666664,3.0,0.107,0.16399999999999998,0.7286666666666667,0.3124333333333333
2021-07-02,11.71,11.99,51.96,202.83,106,0.035566037735849064,0.1369056603773585,0.8275283018867924,0.1371122641509434,48,0.04577083333333331,0.1459583333333333,0.8083333333333336,0.7271354166666667,4.0,0.02325,0.09275,0.884,0.190775,3.0,0.04766666666666667,0.12866666666666668,0.8236666666666667,0.9420666666666668,5.0,0.0,0.2168,0.7832000000000001,0.30362,4.0,0.052000000000000005,0.13075,0.81725,0.9542,1.0,0.0,0.0,1.0,0.0,2.0,0.045,0.1475,0.8075,0.9401,2.0,0.0,0.1905,0.8095,0.4117,1.0,0.040999999999999995,0.11800000000000001,0.841,0.8854
2021-07-06,10.0,12.07,49.96,199.56,88,0.054545454545454536,0.1363181818181818,0.809125,0.08883750000000003,40,0.052999999999999985,0.14077499999999996,0.8061499999999999,0.55297,9.0,0.0,0.18822222222222226,0.8117777777777778,0.1946222222222222,4.0,0.0675,0.1065,0.82575,0.4925000000000001,4.0,0.0,0.15125,0.84875,0.3013,2.0,0.063,0.1515,0.7859999999999999,0.97025,,,,,,2.0,0.063,0.1515,0.7859999999999999,0.97025,4.0,0.0785,0.15125,0.77025,0.17782499999999998,3.0,0.055,0.158,0.7876666666666666,0.9801333333333334
2021-07-07,9.72,11.44,45.07,190.66,31,0.025483870967741937,0.1920645161290322,0.7824516129032257,0.17752903225806452,17,0.04476470588235295,0.17352941176470588,0.7816470588235296,0.7315705882352941,1.0,0.0,0.21899999999999997,0.7809999999999999,0.4215,,,,,,2.0,0.1135,0.2055,0.6809999999999999,0.1342,,,,,,,,,,,1.0,0.06,0.107,0.8320000000000001,0.9961,1.0,0.0,0.21899999999999997,0.7809999999999999,0.4215,,,,,
2021-07-08,9.36,11.55,47.94,191.38,92,0.07588043478260867,0.14982608695652172,0.7742826086956519,0.09520326086956522,40,0.052975,0.13917500000000002,0.8077250000000001,0.462905,2.0,0.0,0.1905,0.8095,0.4117,2.0,0.02,0.1375,0.8420000000000001,0.98205,5.0,0.0904,0.1486,0.7609999999999999,0.18556,2.0,0.0285,0.12300000000000001,0.8485,0.88575,,,,,,4.0,0.035,0.125,0.8394999999999999,0.955825,5.0,0.2016,0.15860000000000002,0.6398,0.0753,2.0,0.0575,0.1145,0.8280000000000001,0.012199999999999987
2021-07-09,9.27,11.79,46.19,191.23,76,0.055828947368421054,0.13189473684210526,0.8122894736842105,0.10256842105263156,27,0.05122222222222223,0.14607407407407408,0.8026666666666666,0.5255592592592593,2.0,0.0,0.1905,0.8095,0.4117,1.0,0.028999999999999998,0.179,0.792,0.956,4.0,0.0475,0.2055,0.7470000000000001,0.4286,2.0,0.03,0.1235,0.8465,0.9196,,,,,,,,,,,2.0,0.0,0.081,0.919,0.20095,2.0,0.051,0.107,0.8420000000000001,0.2974
2021-07-12,9.68,11.25,42.61,189.25,34,0.04764705882352942,0.11511764705882352,0.8372352941176471,0.12448235294117647,22,0.06322727272727273,0.16572727272727275,0.771090909090909,0.5477409090909091,2.0,0.0,0.272,0.728,0.6428,3.0,0.08966666666666666,0.10566666666666663,0.8046666666666665,0.3063333333333333,3.0,0.0,0.32433333333333336,0.6756666666666667,0.6093000000000001,2.0,0.096,0.0965,0.8075,-0.036400000000000036,1.0,0.0,0.325,0.675,0.8641,1.0,0.14300000000000002,0.107,0.75,-0.9975,2.0,0.1575,0.1625,0.68,0.27295,1.0,0.14300000000000002,0.107,0.75,-0.9975
2021-07-13,8.91,11.08,39.35,180.06,76,0.05642105263157895,0.16411842105263158,0.7794736842105264,0.12353815789473685,33,0.04863636363636363,0.14530303030303032,0.8061515151515152,0.6007212121212123,1.0,0.0,0.162,0.838,0.4019,2.0,0.0475,0.133,0.8200000000000001,0.9416,3.0,0.0,0.268,0.7319999999999999,0.3731333333333333,2.0,0.0475,0.133,0.8200000000000001,0.9416,2.0,0.0715,0.278,0.6505,0.5362,1.0,0.04,0.132,0.828,0.8834,4.0,0.0,0.15775,0.84225,0.26835,1.0,0.04,0.132,0.828,0.8834
2021-07-14,8.68,10.66,33.43,167.62,75,0.058626666666666674,0.1333466666666667,0.8079999999999999,0.07632933333333332,38,0.05421052631578949,0.14739473684210527,0.7984210526315789,0.6488868421052632,3.0,0.04033333333333333,0.051,0.9086666666666666,0.12536666666666665,2.0,0.0295,0.1065,0.8640000000000001,0.95175,3.0,0.04033333333333333,0.124,0.8356666666666667,0.26586666666666664,2.0,0.0295,0.1065,0.8640000000000001,0.95175,3.0,0.054000000000000006,0.19433333333333333,0.7516666666666666,0.1745,3.0,0.034,0.158,0.8076666666666666,0.9838666666666668,3.0,0.0,0.124,0.8759999999999999,0.27446666666666664,2.0,0.045,0.1555,0.7995,0.97915
2021-07-15,8.26,10.57,36.0,166.82,120,0.08965833333333334,0.12088333333333333,0.7894416666666666,0.042490000000000014,55,0.07430909090909091,0.12980000000000005,0.795818181818182,0.32469454545454546,6.0,0.01416666666666667,0.0635,0.9223333333333332,0.12011666666666665,11.0,0.10063636363636363,0.11181818181818184,0.7875454545454545,0.11710909090909093,9.0,0.10488888888888888,0.07011111111111111,0.825,0.016877777777777783,12.0,0.09525000000000003,0.124,0.7806666666666667,0.34251666666666664,2.0,0.0,0.1155,0.8845000000000001,0.064,3.0,0.04866666666666666,0.14466666666666667,0.8066666666666666,0.3879333333333333,3.0,0.0,0.3386666666666667,0.6613333333333333,0.3655333333333333,5.0,0.029000000000000005,0.1276,0.8433999999999999,0.7195199999999999
2021-07-16,8.2,10.11,34.96,169.04,83,0.059674698795180725,0.12279518072289156,0.8175542168674699,0.07129638554216867,43,0.05737209302325581,0.13809302325581393,0.8045116279069767,0.6110651162790697,5.0,0.027000000000000003,0.13540000000000002,0.8376000000000001,0.23661999999999997,3.0,0.025666666666666667,0.12633333333333333,0.8476666666666666,0.8973999999999999,5.0,0.052000000000000005,0.1258,0.8222000000000002,0.12704000000000001,1.0,0.040999999999999995,0.12,0.838,0.7579,1.0,0.0,0.237,0.763,0.4215,1.0,0.01,0.129,0.861,0.9571,2.0,0.133,0.081,0.7859999999999999,-0.019250000000000017,1.0,0.040999999999999995,0.12,0.838,0.7579
2021-07-19,8.3,9.88,34.62,173.49,39,0.036487179487179486,0.10974358974358976,0.8537692307692308,0.07584102564102564,20,0.05345000000000001,0.16285,0.7836000000000001,0.5948399999999999,2.0,0.0,0.1095,0.8905000000000001,0.21075,1.0,0.051,0.128,0.821,0.9107,3.0,0.0,0.15766666666666665,0.8423333333333334,0.31606666666666666,2.0,0.0415,0.094,0.8645,0.7851999999999999,,,,,,2.0,0.0565,0.08499999999999999,0.8585,0.30705000000000005,1.0,0.0,0.21899999999999997,0.7809999999999999,0.4215,,,,,
2021-07-20,8.35,10.62,43.09,191.18,63,0.06582539682539681,0.1527936507936508,0.7813333333333335,0.10603492063492063,29,0.06844827586206896,0.11810344827586207,0.8134137931034482,0.3740793103448276,1.0,0.0,0.41700000000000004,0.583,0.6124,1.0,0.021,0.094,0.885,0.9607,1.0,0.151,0.0,0.8490000000000001,-0.1531,,,,,,1.0,0.0,0.512,0.488,0.2732,,,,,,,,,,,,,,,
2021-08-02,8.15,10.1,35.2,157.65,25,0.04104,0.08979999999999999,0.8691599999999999,0.047972,12,0.04950000000000001,0.18975,0.7605833333333333,0.4125416666666668,2.0,0.0,0.157,0.843,0.34735,,,,,,,,,,,1.0,0.051,0.012,0.937,-0.7657,,,,,,,,,,,,,,,,,,,,
2021-08-03,8.12,10.17,33.59,152.75,55,0.06540000000000001,0.1465636363636364,0.7880363636363635,0.11064545454545456,28,0.054285714285714284,0.1558928571428571,0.7897142857142858,0.675375,3.0,0.04866666666666666,0.23766666666666664,0.7136666666666667,0.3149,3.0,0.076,0.11533333333333333,0.8079999999999999,0.8207333333333332,,,,,,1.0,0.036000000000000004,0.10300000000000001,0.861,0.9959,1.0,0.28600000000000003,0.0,0.7140000000000001,-0.34,2.0,0.044000000000000004,0.1105,0.845,0.99595,,,,,,1.0,0.036000000000000004,0.10300000000000001,0.861,0.9959
2021-08-04,7.92,9.87,29.84,146.8,100,0.05086,0.13813000000000006,0.81101,0.12442100000000005,33,0.05957575757575756,0.14993939393939396,0.7904545454545453,0.5782848484848485,4.0,0.00875,0.0695,0.92175,0.11505,1.0,0.084,0.2,0.716,0.9967,2.0,0.0175,0.139,0.8435,0.2301,1.0,0.109,0.09699999999999999,0.794,-0.7848,,,,,,,,,,,1.0,0.0,0.0,1.0,0.0,,,,,
2021-08-05,8.13,10.43,33.51,153.44,95,0.04542105263157896,0.13569473684210528,0.8188947368421052,0.11969052631578946,43,0.0486279069767442,0.13783720930232554,0.8135116279069767,0.6117883720930234,2.0,0.0,0.267,0.7330000000000001,0.36985,4.0,0.07175,0.1205,0.8077500000000001,0.398575,2.0,0.0,0.1095,0.8905000000000001,0.21075,3.0,0.10333333333333332,0.11466666666666668,0.782,0.058033333333333374,,,,,,1.0,0.025,0.198,0.7759999999999999,0.9944,,,,,,1.0,0.165,0.075,0.76,-0.9054
2021-08-06,8.07,10.29,32.7,151.77,84,0.0650952380952381,0.15904761904761905,0.7758690476190476,0.13047142857142854,38,0.04536842105263159,0.13455263157894734,0.8201315789473684,0.6644131578947369,,,,,,1.0,0.05,0.135,0.815,0.8229,2.0,0.0,0.265,0.735,0.52095,2.0,0.0985,0.1305,0.7705,0.6388,,,,,,,,,,,2.0,0.0925,0.28400000000000003,0.6234999999999999,0.33825,2.0,0.1,0.134,0.7659999999999999,0.6356
2021-08-09,8.81,10.41,33.8,161.13,64,0.051640625,0.08937500000000001,0.8590000000000002,0.025940625000000002,28,0.05253571428571429,0.15610714285714286,0.7912499999999999,0.6058857142857142,2.0,0.0,0.1095,0.8905000000000001,0.21075,,,,,,2.0,0.0,0.1095,0.8905000000000001,0.21075,,,,,,,,,,,,,,,,,,,,,,,,,
2021-08-10,8.41,10.37,31.75,159.05,54,0.03901851851851852,0.11394444444444445,0.8470370370370373,0.08554814814814815,18,0.0473888888888889,0.1778888888888889,0.7747777777777778,0.5902277777777778,,,,,,,,,,,4.0,0.05775,0.11625,0.82575,0.118275,1.0,0.068,0.065,0.867,-0.0258,,,,,,,,,,,,,,,,,,,,
2021-08-11,8.13,10.32,31.55,158.78,91,0.040516483516483515,0.15216483516483514,0.8073736263736263,0.13385384615384618,52,0.04763461538461538,0.13030769230769226,0.8220576923076922,0.6350980769230767,1.0,0.0,0.0,1.0,0.0,2.0,0.0385,0.0935,0.8685,0.9506,1.0,0.0,0.21899999999999997,0.7809999999999999,0.4215,,,,,,2.0,0.0,0.1275,0.8725,0.17,2.0,0.017,0.121,0.862,0.94005,1.0,0.0,0.21899999999999997,0.7809999999999999,0.4215,1.0,0.022000000000000002,0.14,0.838,0.9837
2021-08-12,9.01,10.17,33.07,162.35,75,0.05609333333333333,0.116,0.8279066666666667,0.07415333333333332,35,0.03925714285714285,0.13602857142857147,0.8247428571428572,0.7311885714285714,1.0,0.0,0.0,1.0,0.0,1.0,0.016,0.068,0.9159999999999999,0.9499,,,,,,,,,,,1.0,0.275,0.0,0.725,-0.5859,1.0,0.068,0.08,0.853,0.5023,8.0,0.10825,0.055,0.83675,-0.046675,1.0,0.016,0.068,0.9159999999999999,0.9499
2021-08-13,8.22,9.88,33.47,162.52,64,0.10415625,0.16651562500000006,0.7293437500000003,0.069134375,31,0.05712903225806451,0.142741935483871,0.8000322580645162,0.6070483870967743,,,,,,2.0,0.0715,0.1005,0.8280000000000001,0.60085,,,,,,1.0,0.04,0.1,0.86,0.9995,,,,,,1.0,0.04,0.1,0.86,0.9995,2.0,0.0,0.3655,0.6345000000000001,0.34735,2.0,0.08700000000000001,0.125,0.7875,0.5998
2021-08-16,8.49,9.67,35.69,163.93,11,0.009454545454545452,0.08372727272727272,0.906818181818182,0.08604545454545455,9,0.05044444444444445,0.09777777777777777,0.8518888888888889,0.7446222222222222,,,,,,,,,,,,,,,,1.0,0.07,0.151,0.779,0.9984,,,,,,,,,,,1.0,0.0,0.24100000000000002,0.759,0.2263,1.0,0.083,0.036000000000000004,0.8809999999999999,-0.748
